"Country Name,Country Code,Classification Name,Classification Code,Time,Time Code,Affordability of a healthy diet: ratio of cost to food expenditures [CoHD_fexp],Affordability of a healthy diet: ratio of cost to the food poverty line [CoHD_pov],Affordability of a nutrient adequate diet: ratio of cost to food expenditures [CoNA_fexp],Affordability of a nutrient adequate diet: ratio of cost to the food poverty line [CoNA_pov],Affordability of an energy sufficient diet: ratio of cost to food expenditures [CoCA_fexp],Affordability of an energy sufficient diet: ratio of cost to the food poverty line [CoCA_pov],Cost of a healthy diet [CoHD],Cost of a healthy diet relative to the cost of sufficient energy from starchy staples [CoHD_CoCA],Cost of a nutrient adequate diet [CoNA],Cost of an energy sufficient diet [CoCA],Cost of animal-source foods [CoHD_asf],Cost of animal-sourced foods relative to the starchy staples in a least-cost healthy diet [CoHD_asf_ss],Cost of fruits [CoHD_f],Cost of fruits relative to the starchy staples in a least-cost healthy diet [CoHD_f_ss],""Cost of legumes, nuts and seeds [CoHD_lns]"",""Cost of legumes, nuts and seeds relative to the starchy staples in a least-cost healthy diet [CoHD_lns_ss]"",Cost of oils and fats [CoHD_of],Cost of oils and fats relative to the starchy staples in a least-cost healthy diet [CoHD_of_ss],Cost of starchy staples [CoHD_ss],Cost of vegetables [CoHD_v],Cost of vegetables relative to the starchy staples in a least-cost healthy diet [CoHD_v_ss],Cost share for animal-sourced foods in a least-cost healthy diet [CoHD_asf_prop],Cost share for fruits in a least-cost healthy diet [CoHD_f_prop],""Cost share for legumes, nuts and seeds in a least-cost healthy diet [CoHD_lns_prop]"",Cost share for oils and fats in a least-cost healthy diet [CoHD_of_prop]"
Albania,ALB,Food Prices for Nutrition 1.0,FPN 1.0,2017,YR2017,0.425,3.992,0.266,2.496,0.078,0.732,3.952,5.45,2.471,0.725,1.204,2.01,0.911,1.52,0.441,0.74,0.089,0.15,0.599,0.707,1.18,0.305,0.231,0.112,0.023
Albania,ALB,Food Prices for Nutrition 1.0,FPN 1.0,2018,YR2018,..,4.092,..,..,..,..,4.051,..,..,..,..,..,..,..,..,..,..,..,..,..,..,..,..,..,..
Albania,ALB,Food Prices for Nutrition 1.0,FPN 1.0,2019,YR2019,..,4.159,..,..,..,..,4.117,..,..,..,..,..,..,..,..,..,..,..,..,..,..,..,..,..,..
Albania,ALB,Food Prices for Nutrition 1.0,FPN 1.0,2020,YR2020,..,4.239,..,..,..,..,4.197,..,..,..,..,..,..,..,..,..,..,..,..,..,..,..,..,..,..
Albania,ALB,Food Prices for Nutrition 1.0,FPN 1.0,2021,YR2021,..,..,..,..,..,..,..,..,..,..,..,..,..,..,..,..,..,..,..,..,..,..,..,..,..
Albania,ALB,Food Prices for Nutrition 1.1,FPN 1.1,2017,YR2017,0.425,3.529,0.266,2.206,0.078,0.647,3.952,5.45,2.471,0.725,1.204,2.01,0.911,1.52,0.441,0.74,0.089,0.15,0.599,0.707,1.18,0.305,0.231,0.112,0.023
Albania,ALB,Food Prices for Nutrition 1.1,FPN 1.1,2018,YR2018,..,3.617,..,..,..,..,4.051,..,..,..,..,..,..,..,..,..,..,..,..,..,..,..,..,..,..
Albania,ALB,Food Prices for Nutrition 1.1,FPN 1.1,2019,YR2019,..,3.676,..,..,..,..,4.117,..,..,..,..,..,..,..,..,..,..,..,..,..,..,..,..,..,..
Albania,ALB,Food Prices for Nutrition 1.1,FPN 1.1,2020,YR2020,..,3.747,..,..,..,..,4.197,..,..,..,..,..,..,..,..,..,..,..,..,..,..,..,..,..,..
Albania,ALB,Food Prices for Nutrition 1.1,FPN 1.1,2021,YR2021,..,..,..,..,..,..,..,..,..,..,..,..,..,..,..,..,..,..,..,..,..,..,..,..,..
Albania,ALB,Food Prices for Nutrition 2.0,FPN 2.0,2017,YR2017,0.425,3.529,0.266,2.206,0.078,0.647,3.952,5.45,2.471,0.725,1.204,2.01,0.911,1.52,0.441,0.74,0.089,0.15,0.599,0.707,1.18,0.305,0.231,0.112,0.023
Albania,ALB,Food Prices for Nutrition 2.0,FPN 2.0,2018,YR2018,..,3.633,..,..,..,..,4.069,..,..,..,..,..,..,..,..,..,..,..,..,..,..,..,..,..,..
Albania,ALB,Food Prices for Nutrition 2.0,FPN 2.0,2019,YR2019,..,3.805,..,..,..,..,4.262,..,..,..,..,..,..,..,..,..,..,..,..,..,..,..,..,..,..
Albania,ALB,Food Prices for Nutrition 2.0,FPN 2.0,2020,YR2020,..,3.821,..,..,..,..,4.28,..,..,..,..,..,..,..,..,..,..,..,..,..,..,..,..,..,..
Albania,ALB,Food Prices for Nutrition 2.0,FPN 2.0,2021,YR2021,..,3.918,..,..,..,..,4.388,..,..,..,..,..,..,..,..,..,..,..,..,..,..,..,..,..,..
Albania,ALB,Food Prices for Nutrition 2.1,FPN 2.1,2017,YR2017,0.425,3.529,0.266,2.206,0.078,0.647,3.952,5.45,2.471,0.725,1.204,2.01,0.911,1.52,0.441,0.74,0.089,0.15,0.599,0.707,1.18,0.305,0.231,0.112,0.023
Albania,ALB,Food Prices for Nutrition 2.1,FPN 2.1,2018,YR2018,..,3.633,..,..,..,..,4.069,..,..,..,..,..,..,..,..,..,..,..,..,..,..,..,..,..,..
Albania,ALB,Food Prices for Nutrition 2.1,FPN 2.1,2019,YR2019,..,3.805,..,..,..,..,4.262,..,..,..,..,..,..,..,..,..,..,..,..,..,..,..,..,..,..
Albania,ALB,Food Prices for Nutrition 2.1,FPN 2.1,2020,YR2020,..,3.821,..,..,..,..,4.28,..,..,..,..,..,..,..,..,..,..,..,..,..,..,..,..,..,..
Albania,ALB,Food Prices for Nutrition 2.1,FPN 2.1,2021,YR2021,..,3.918,..,..,..,..,4.388,..,..,..,..,..,..,..,..,..,..,..,..,..,..,..,..,..,..
Algeria,DZA,Food Prices for Nutrition 1.0,FPN 1.0,2017,YR2017,0.605,3.801,0.374,2.346,0.124,0.781,3.763,4.87,2.323,0.773,0.964,1.94,0.979,1.97,0.493,0.99,0.132,0.27,0.496,0.699,1.41,0.256,0.26,0.131,0.035
Algeria,DZA,Food Prices for Nutrition 1.0,FPN 1.0,2018,YR2018,..,3.861,..,..,..,..,3.822,..,..,..,..,..,..,..,..,..,..,..,..,..,..,..,..,..,..
Algeria,DZA,Food Prices for Nutrition 1.0,FPN 1.0,2019,YR2019,..,3.834,..,..,..,..,3.796,..,..,..,..,..,..,..,..,..,..,..,..,..,..,..,..,..,..
Algeria,DZA,Food Prices for Nutrition 1.0,FPN 1.0,2020,YR2020,..,3.798,..,..,..,..,3.76,..,..,..,..,..,..,..,..,..,..,..,..,..,..,..,..,..,..
Algeria,DZA,Food Prices for Nutrition 1.0,FPN 1.0,2021,YR2021,..,..,..,..,..,..,..,..,..,..,..,..,..,..,..,..,..,..,..,..,..,..,..,..,..
Algeria,DZA,Food Prices for Nutrition 1.1,FPN 1.1,2017,YR2017,0.605,3.36,0.374,2.074,0.124,0.69,3.763,4.87,2.323,0.773,0.964,1.94,0.979,1.97,0.493,0.99,0.132,0.27,0.496,0.699,1.41,0.256,0.26,0.131,0.035
Algeria,DZA,Food Prices for Nutrition 1.1,FPN 1.1,2018,YR2018,..,3.413,..,..,..,..,3.822,..,..,..,..,..,..,..,..,..,..,..,..,..,..,..,..,..,..
Algeria,DZA,Food Prices for Nutrition 1.1,FPN 1.1,2019,YR2019,..,3.389,..,..,..,..,3.796,..,..,..,..,..,..,..,..,..,..,..,..,..,..,..,..,..,..
Algeria,DZA,Food Prices for Nutrition 1.1,FPN 1.1,2020,YR2020,..,3.357,..,..,..,..,3.76,..,..,..,..,..,..,..,..,..,..,..,..,..,..,..,..,..,..
Algeria,DZA,Food Prices for Nutrition 1.1,FPN 1.1,2021,YR2021,..,..,..,..,..,..,..,..,..,..,..,..,..,..,..,..,..,..,..,..,..,..,..,..,..
Algeria,DZA,Food Prices for Nutrition 2.0,FPN 2.0,2017,YR2017,0.605,3.36,0.374,2.074,0.124,0.69,3.763,4.87,2.323,0.773,0.964,1.94,0.979,1.97,0.493,0.99,0.132,0.27,0.496,0.699,1.41,0.256,0.26,0.131,0.035
Algeria,DZA,Food Prices for Nutrition 2.0,FPN 2.0,2018,YR2018,..,3.413,..,..,..,..,3.822,..,..,..,..,..,..,..,..,..,..,..,..,..,..,..,..,..,..
Algeria,DZA,Food Prices for Nutrition 2.0,FPN 2.0,2019,YR2019,..,3.389,..,..,..,..,3.796,..,..,..,..,..,..,..,..,..,..,..,..,..,..,..,..,..,..
Algeria,DZA,Food Prices for Nutrition 2.0,FPN 2.0,2020,YR2020,..,3.357,..,..,..,..,3.76,..,..,..,..,..,..,..,..,..,..,..,..,..,..,..,..,..,..
Algeria,DZA,Food Prices for Nutrition 2.0,FPN 2.0,2021,YR2021,..,3.61,..,..,..,..,4.043,..,..,..,..,..,..,..,..,..,..,..,..,..,..,..,..,..,..
Algeria,DZA,Food Prices for Nutrition 2.1,FPN 2.1,2017,YR2017,0.605,3.36,0.374,2.074,0.124,0.69,3.763,4.87,2.323,0.773,0.964,1.94,0.979,1.97,0.493,0.99,0.132,0.27,0.496,0.699,1.41,0.256,0.26,0.131,0.035
Algeria,DZA,Food Prices for Nutrition 2.1,FPN 2.1,2018,YR2018,..,3.413,..,..,..,..,3.822,..,..,..,..,..,..,..,..,..,..,..,..,..,..,..,..,..,..
Algeria,DZA,Food Prices for Nutrition 2.1,FPN 2.1,2019,YR2019,..,3.389,..,..,..,..,3.796,..,..,..,..,..,..,..,..,..,..,..,..,..,..,..,..,..,..
Algeria,DZA,Food Prices for Nutrition 2.1,FPN 2.1,2020,YR2020,..,3.357,..,..,..,..,3.76,..,..,..,..,..,..,..,..,..,..,..,..,..,..,..,..,..,..
Algeria,DZA,Food Prices for Nutrition 2.1,FPN 2.1,2021,YR2021,..,3.61,..,..,..,..,4.043,..,..,..,..,..,..,..,..,..,..,..,..,..,..,..,..,..,..
Angola,AGO,Food Prices for Nutrition 1.0,FPN 1.0,2017,YR2017,0.972,4.371,0.726,3.264,0.315,1.417,4.327,3.08,3.231,1.403,1.011,1.21,0.717,0.85,0.395,0.47,0.166,0.2,0.839,1.199,1.43,0.234,0.166,0.091,0.038
Angola,AGO,Food Prices for Nutrition 1.0,FPN 1.0,2018,YR2018,..,4.336,..,..,..,..,4.293,..,..,..,..,..,..,..,..,..,..,..,..,..,..,..,..,..,..
Angola,AGO,Food Prices for Nutrition 1.0,FPN 1.0,2019,YR2019,..,4.396,..,..,..,..,4.352,..,..,..,..,..,..,..,..,..,..,..,..,..,..,..,..,..,..
Angola,AGO,Food Prices for Nutrition 1.0,FPN 1.0,2020,YR2020,..,4.58,..,..,..,..,4.534,..,..,..,..,..,..,..,..,..,..,..,..,..,..,..,..,..,..
Angola,AGO,Food Prices for Nutrition 1.0,FPN 1.0,2021,YR2021,..,..,..,..,..,..,..,..,..,..,..,..,..,..,..,..,..,..,..,..,..,..,..,..,..
Angola,AGO,Food Prices for Nutrition 1.1,FPN 1.1,2017,YR2017,0.972,3.863,0.726,2.885,0.315,1.253,4.327,3.08,3.231,1.403,1.011,1.21,0.717,0.85,0.395,0.47,0.166,0.2,0.839,1.199,1.43,0.234,0.166,0.091,0.038
Angola,AGO,Food Prices for Nutrition 1.1,FPN 1.1,2018,YR2018,..,3.833,..,..,..,..,4.293,..,..,..,..,..,..,..,..,..,..,..,..,..,..,..,..,..,..
Angola,AGO,Food Prices for Nutrition 1.1,FPN 1.1,2019,YR2019,..,3.886,..,..,..,..,4.352,..,..,..,..,..,..,..,..,..,..,..,..,..,..,..,..,..,..
Angola,AGO,Food Prices for Nutrition 1.1,FPN 1.1,2020,YR2020,..,4.048,..,..,..,..,4.534,..,..,..,..,..,..,..,..,..,..,..,..,..,..,..,..,..,..
Angola,AGO,Food Prices for Nutrition 1.1,FPN 1.1,2021,YR2021,..,..,..,..,..,..,..,..,..,..,..,..,..,..,..,..,..,..,..,..,..,..,..,..,..
Angola,AGO,Food Prices for Nutrition 2.0,FPN 2.0,2017,YR2017,0.972,3.863,0.726,2.885,0.315,1.253,4.327,3.08,3.231,1.403,1.011,1.21,0.717,0.85,0.395,0.47,0.166,0.2,0.839,1.199,1.43,0.234,0.166,0.091,0.038
Angola,AGO,Food Prices for Nutrition 2.0,FPN 2.0,2018,YR2018,..,3.833,..,..,..,..,4.293,..,..,..,..,..,..,..,..,..,..,..,..,..,..,..,..,..,..
Angola,AGO,Food Prices for Nutrition 2.0,FPN 2.0,2019,YR2019,..,3.886,..,..,..,..,4.352,..,..,..,..,..,..,..,..,..,..,..,..,..,..,..,..,..,..
Angola,AGO,Food Prices for Nutrition 2.0,FPN 2.0,2020,YR2020,..,4.094,..,..,..,..,4.585,..,..,..,..,..,..,..,..,..,..,..,..,..,..,..,..,..,..
Angola,AGO,Food Prices for Nutrition 2.0,FPN 2.0,2021,YR2021,..,4.492,..,..,..,..,5.031,..,..,..,..,..,..,..,..,..,..,..,..,..,..,..,..,..,..
Angola,AGO,Food Prices for Nutrition 2.1,FPN 2.1,2017,YR2017,0.972,3.863,0.726,2.885,0.315,1.253,4.327,3.08,3.231,1.403,1.011,1.21,0.717,0.85,0.395,0.47,0.166,0.2,0.839,1.199,1.43,0.234,0.166,0.091,0.038
Angola,AGO,Food Prices for Nutrition 2.1,FPN 2.1,2018,YR2018,..,3.833,..,..,..,..,4.293,..,..,..,..,..,..,..,..,..,..,..,..,..,..,..,..,..,..
Angola,AGO,Food Prices for Nutrition 2.1,FPN 2.1,2019,YR2019,..,3.886,..,..,..,..,4.352,..,..,..,..,..,..,..,..,..,..,..,..,..,..,..,..,..,..
Angola,AGO,Food Prices for Nutrition 2.1,FPN 2.1,2020,YR2020,..,4.094,..,..,..,..,4.585,..,..,..,..,..,..,..,..,..,..,..,..,..,..,..,..,..,..
Angola,AGO,Food Prices for Nutrition 2.1,FPN 2.1,2021,YR2021,..,4.492,..,..,..,..,5.031,..,..,..,..,..,..,..,..,..,..,..,..,..,..,..,..,..,..
Anguilla,AIA,Food Prices for Nutrition 1.0,FPN 1.0,2017,YR2017,0.577,3.755,0.378,2.458,0.203,1.321,3.717,2.84,2.433,1.308,0.647,0.83,0.811,1.04,0.328,0.42,0.134,0.17,0.778,1.019,1.31,0.174,0.218,0.088,0.036
Anguilla,AIA,Food Prices for Nutrition 1.0,FPN 1.0,2018,YR2018,..,..,..,..,..,..,..,..,..,..,..,..,..,..,..,..,..,..,..,..,..,..,..,..,..
Anguilla,AIA,Food Prices for Nutrition 1.0,FPN 1.0,2019,YR2019,..,..,..,..,..,..,..,..,..,..,..,..,..,..,..,..,..,..,..,..,..,..,..,..,..
Anguilla,AIA,Food Prices for Nutrition 1.0,FPN 1.0,2020,YR2020,..,..,..,..,..,..,..,..,..,..,..,..,..,..,..,..,..,..,..,..,..,..,..,..,..
Anguilla,AIA,Food Prices for Nutrition 1.0,FPN 1.0,2021,YR2021,..,..,..,..,..,..,..,..,..,..,..,..,..,..,..,..,..,..,..,..,..,..,..,..,..
Anguilla,AIA,Food Prices for Nutrition 1.1,FPN 1.1,2017,YR2017,0.577,3.319,0.378,2.172,0.203,1.168,3.717,2.84,2.433,1.308,0.647,0.83,0.811,1.04,0.328,0.42,0.134,0.17,0.778,1.019,1.31,0.174,0.218,0.088,0.036
Anguilla,AIA,Food Prices for Nutrition 1.1,FPN 1.1,2018,YR2018,..,..,..,..,..,..,..,..,..,..,..,..,..,..,..,..,..,..,..,..,..,..,..,..,..
Anguilla,AIA,Food Prices for Nutrition 1.1,FPN 1.1,2019,YR2019,..,..,..,..,..,..,..,..,..,..,..,..,..,..,..,..,..,..,..,..,..,..,..,..,..
Anguilla,AIA,Food Prices for Nutrition 1.1,FPN 1.1,2020,YR2020,..,..,..,..,..,..,..,..,..,..,..,..,..,..,..,..,..,..,..,..,..,..,..,..,..
Anguilla,AIA,Food Prices for Nutrition 1.1,FPN 1.1,2021,YR2021,..,..,..,..,..,..,..,..,..,..,..,..,..,..,..,..,..,..,..,..,..,..,..,..,..
Anguilla,AIA,Food Prices for Nutrition 2.0,FPN 2.0,2017,YR2017,0.577,3.319,0.378,2.172,0.203,1.168,3.717,2.84,2.433,1.308,0.647,0.83,0.811,1.04,0.328,0.42,0.134,0.17,0.778,1.019,1.31,0.174,0.218,0.088,0.036
Anguilla,AIA,Food Prices for Nutrition 2.0,FPN 2.0,2018,YR2018,..,..,..,..,..,..,..,..,..,..,..,..,..,..,..,..,..,..,..,..,..,..,..,..,..
Anguilla,AIA,Food Prices for Nutrition 2.0,FPN 2.0,2019,YR2019,..,..,..,..,..,..,..,..,..,..,..,..,..,..,..,..,..,..,..,..,..,..,..,..,..
Anguilla,AIA,Food Prices for Nutrition 2.0,FPN 2.0,2020,YR2020,..,..,..,..,..,..,..,..,..,..,..,..,..,..,..,..,..,..,..,..,..,..,..,..,..
Anguilla,AIA,Food Prices for Nutrition 2.0,FPN 2.0,2021,YR2021,..,..,..,..,..,..,..,..,..,..,..,..,..,..,..,..,..,..,..,..,..,..,..,..,..
Anguilla,AIA,Food Prices for Nutrition 2.1,FPN 2.1,2017,YR2017,0.577,3.319,0.378,2.172,0.203,1.168,3.717,2.84,2.433,1.308,0.647,0.83,0.811,1.04,0.328,0.42,0.134,0.17,0.778,1.019,1.31,0.174,0.218,0.088,0.036
Anguilla,AIA,Food Prices for Nutrition 2.1,FPN 2.1,2018,YR2018,..,..,..,..,..,..,..,..,..,..,..,..,..,..,..,..,..,..,..,..,..,..,..,..,..
Anguilla,AIA,Food Prices for Nutrition 2.1,FPN 2.1,2019,YR2019,..,..,..,..,..,..,..,..,..,..,..,..,..,..,..,..,..,..,..,..,..,..,..,..,..
Anguilla,AIA,Food Prices for Nutrition 2.1,FPN 2.1,2020,YR2020,..,..,..,..,..,..,..,..,..,..,..,..,..,..,..,..,..,..,..,..,..,..,..,..,..
Anguilla,AIA,Food Prices for Nutrition 2.1,FPN 2.1,2021,YR2021,..,..,..,..,..,..,..,..,..,..,..,..,..,..,..,..,..,..,..,..,..,..,..,..,..
Antigua and Barbuda,ATG,Food Prices for Nutrition 1.0,FPN 1.0,2017,YR2017,0.767,4.154,0.563,3.047,0.174,0.942,4.112,4.41,3.017,0.933,0.682,1.13,1.003,1.66,0.429,0.71,0.115,0.19,0.604,1.279,2.12,0.166,0.244,0.104,0.028
Antigua and Barbuda,ATG,Food Prices for Nutrition 1.0,FPN 1.0,2018,YR2018,..,4.345,..,..,..,..,4.302,..,..,..,..,..,..,..,..,..,..,..,..,..,..,..,..,..,..
Antigua and Barbuda,ATG,Food Prices for Nutrition 1.0,FPN 1.0,2019,YR2019,..,4.435,..,..,..,..,4.391,..,..,..,..,..,..,..,..,..,..,..,..,..,..,..,..,..,..
Antigua and Barbuda,ATG,Food Prices for Nutrition 1.0,FPN 1.0,2020,YR2020,..,4.549,..,..,..,..,4.504,..,..,..,..,..,..,..,..,..,..,..,..,..,..,..,..,..,..
Antigua and Barbuda,ATG,Food Prices for Nutrition 1.0,FPN 1.0,2021,YR2021,..,..,..,..,..,..,..,..,..,..,..,..,..,..,..,..,..,..,..,..,..,..,..,..,..
Antigua and Barbuda,ATG,Food Prices for Nutrition 1.1,FPN 1.1,2017,YR2017,0.767,3.671,0.563,2.694,0.174,0.833,4.112,4.41,3.017,0.933,0.682,1.13,1.003,1.66,0.429,0.71,0.115,0.19,0.604,1.279,2.12,0.166,0.244,0.104,0.028
Antigua and Barbuda,ATG,Food Prices for Nutrition 1.1,FPN 1.1,2018,YR2018,..,3.841,..,..,..,..,4.302,..,..,..,..,..,..,..,..,..,..,..,..,..,..,..,..,..,..
Antigua and Barbuda,ATG,Food Prices for Nutrition 1.1,FPN 1.1,2019,YR2019,..,3.921,..,..,..,..,4.391,..,..,..,..,..,..,..,..,..,..,..,..,..,..,..,..,..,..
Antigua and Barbuda,ATG,Food Prices for Nutrition 1.1,FPN 1.1,2020,YR2020,..,4.021,..,..,..,..,4.504,..,..,..,..,..,..,..,..,..,..,..,..,..,..,..,..,..,..
Antigua and Barbuda,ATG,Food Prices for Nutrition 1.1,FPN 1.1,2021,YR2021,..,..,..,..,..,..,..,..,..,..,..,..,..,..,..,..,..,..,..,..,..,..,..,..,..
Antigua and Barbuda,ATG,Food Prices for Nutrition 2.0,FPN 2.0,2017,YR2017,0.767,3.671,0.563,2.694,0.174,0.833,4.112,4.41,3.017,0.933,0.682,1.13,1.003,1.66,0.429,0.71,0.115,0.19,0.604,1.279,2.12,0.166,0.244,0.104,0.028
Antigua and Barbuda,ATG,Food Prices for Nutrition 2.0,FPN 2.0,2018,YR2018,..,3.841,..,..,..,..,4.302,..,..,..,..,..,..,..,..,..,..,..,..,..,..,..,..,..,..
Antigua and Barbuda,ATG,Food Prices for Nutrition 2.0,FPN 2.0,2019,YR2019,..,3.921,..,..,..,..,4.391,..,..,..,..,..,..,..,..,..,..,..,..,..,..,..,..,..,..
Antigua and Barbuda,ATG,Food Prices for Nutrition 2.0,FPN 2.0,2020,YR2020,..,4.021,..,..,..,..,4.504,..,..,..,..,..,..,..,..,..,..,..,..,..,..,..,..,..,..
Antigua and Barbuda,ATG,Food Prices for Nutrition 2.0,FPN 2.0,2021,YR2021,..,4.182,..,..,..,..,4.684,..,..,..,..,..,..,..,..,..,..,..,..,..,..,..,..,..,..
Antigua and Barbuda,ATG,Food Prices for Nutrition 2.1,FPN 2.1,2017,YR2017,0.767,3.671,0.563,2.694,0.174,0.833,4.112,4.41,3.017,0.933,0.682,1.13,1.003,1.66,0.429,0.71,0.115,0.19,0.604,1.279,2.12,0.166,0.244,0.104,0.028
Antigua and Barbuda,ATG,Food Prices for Nutrition 2.1,FPN 2.1,2018,YR2018,..,3.841,..,..,..,..,4.302,..,..,..,..,..,..,..,..,..,..,..,..,..,..,..,..,..,..
Antigua and Barbuda,ATG,Food Prices for Nutrition 2.1,FPN 2.1,2019,YR2019,..,3.921,..,..,..,..,4.391,..,..,..,..,..,..,..,..,..,..,..,..,..,..,..,..,..,..
Antigua and Barbuda,ATG,Food Prices for Nutrition 2.1,FPN 2.1,2020,YR2020,..,4.021,..,..,..,..,4.504,..,..,..,..,..,..,..,..,..,..,..,..,..,..,..,..,..,..
Antigua and Barbuda,ATG,Food Prices for Nutrition 2.1,FPN 2.1,2021,YR2021,..,4.182,..,..,..,..,4.684,..,..,..,..,..,..,..,..,..,..,..,..,..,..,..,..,..,..
Argentina,ARG,Food Prices for Nutrition 1.0,FPN 1.0,2017,YR2017,0.395,3.375,0.31,2.652,0.077,0.659,3.341,5.12,2.625,0.652,0.669,1.44,0.733,1.58,0.656,1.42,0.117,0.25,0.463,0.703,1.52,0.2,0.219,0.196,0.035
Argentina,ARG,Food Prices for Nutrition 1.0,FPN 1.0,2018,YR2018,..,..,..,..,..,..,..,..,..,..,..,..,..,..,..,..,..,..,..,..,..,..,..,..,..
Argentina,ARG,Food Prices for Nutrition 1.0,FPN 1.0,2019,YR2019,..,..,..,..,..,..,..,..,..,..,..,..,..,..,..,..,..,..,..,..,..,..,..,..,..
Argentina,ARG,Food Prices for Nutrition 1.0,FPN 1.0,2020,YR2020,..,..,..,..,..,..,..,..,..,..,..,..,..,..,..,..,..,..,..,..,..,..,..,..,..
Argentina,ARG,Food Prices for Nutrition 1.0,FPN 1.0,2021,YR2021,..,..,..,..,..,..,..,..,..,..,..,..,..,..,..,..,..,..,..,..,..,..,..,..,..
Argentina,ARG,Food Prices for Nutrition 1.1,FPN 1.1,2017,YR2017,0.395,2.983,0.31,2.344,0.077,0.582,3.341,5.12,2.625,0.652,0.669,1.44,0.733,1.58,0.656,1.42,0.117,0.25,0.463,0.703,1.52,0.2,0.219,0.196,0.035
Argentina,ARG,Food Prices for Nutrition 1.1,FPN 1.1,2018,YR2018,..,..,..,..,..,..,..,..,..,..,..,..,..,..,..,..,..,..,..,..,..,..,..,..,..
Argentina,ARG,Food Prices for Nutrition 1.1,FPN 1.1,2019,YR2019,..,..,..,..,..,..,..,..,..,..,..,..,..,..,..,..,..,..,..,..,..,..,..,..,..
Argentina,ARG,Food Prices for Nutrition 1.1,FPN 1.1,2020,YR2020,..,..,..,..,..,..,..,..,..,..,..,..,..,..,..,..,..,..,..,..,..,..,..,..,..
Argentina,ARG,Food Prices for Nutrition 1.1,FPN 1.1,2021,YR2021,..,..,..,..,..,..,..,..,..,..,..,..,..,..,..,..,..,..,..,..,..,..,..,..,..
Argentina,ARG,Food Prices for Nutrition 2.0,FPN 2.0,2017,YR2017,0.395,2.983,0.31,2.344,0.077,0.582,3.341,5.12,2.625,0.652,0.669,1.44,0.733,1.58,0.656,1.42,0.117,0.25,0.463,0.703,1.52,0.2,0.219,0.196,0.035
Argentina,ARG,Food Prices for Nutrition 2.0,FPN 2.0,2018,YR2018,..,..,..,..,..,..,..,..,..,..,..,..,..,..,..,..,..,..,..,..,..,..,..,..,..
Argentina,ARG,Food Prices for Nutrition 2.0,FPN 2.0,2019,YR2019,..,..,..,..,..,..,..,..,..,..,..,..,..,..,..,..,..,..,..,..,..,..,..,..,..
Argentina,ARG,Food Prices for Nutrition 2.0,FPN 2.0,2020,YR2020,..,..,..,..,..,..,..,..,..,..,..,..,..,..,..,..,..,..,..,..,..,..,..,..,..
Argentina,ARG,Food Prices for Nutrition 2.0,FPN 2.0,2021,YR2021,..,..,..,..,..,..,..,..,..,..,..,..,..,..,..,..,..,..,..,..,..,..,..,..,..
Argentina,ARG,Food Prices for Nutrition 2.1,FPN 2.1,2017,YR2017,0.395,2.983,0.31,2.344,0.077,0.582,3.341,5.12,2.625,0.652,0.669,1.44,0.733,1.58,0.656,1.42,0.117,0.25,0.463,0.703,1.52,0.2,0.219,0.196,0.035
Argentina,ARG,Food Prices for Nutrition 2.1,FPN 2.1,2018,YR2018,..,..,..,..,..,..,..,..,..,..,..,..,..,..,..,..,..,..,..,..,..,..,..,..,..
Argentina,ARG,Food Prices for Nutrition 2.1,FPN 2.1,2019,YR2019,..,..,..,..,..,..,..,..,..,..,..,..,..,..,..,..,..,..,..,..,..,..,..,..,..
Argentina,ARG,Food Prices for Nutrition 2.1,FPN 2.1,2020,YR2020,..,..,..,..,..,..,..,..,..,..,..,..,..,..,..,..,..,..,..,..,..,..,..,..,..
Argentina,ARG,Food Prices for Nutrition 2.1,FPN 2.1,2021,YR2021,..,..,..,..,..,..,..,..,..,..,..,..,..,..,..,..,..,..,..,..,..,..,..,..,..
Armenia,ARM,Food Prices for Nutrition 1.0,FPN 1.0,2017,YR2017,0.27,3.127,0.192,2.23,0.088,1.023,3.096,3.06,2.208,1.013,0.973,1.81,0.488,0.91,0.541,1.01,0.123,0.23,0.537,0.433,0.81,0.314,0.158,0.175,0.04
Armenia,ARM,Food Prices for Nutrition 1.0,FPN 1.0,2018,YR2018,..,3.198,..,..,..,..,3.166,..,..,..,..,..,..,..,..,..,..,..,..,..,..,..,..,..,..
Armenia,ARM,Food Prices for Nutrition 1.0,FPN 1.0,2019,YR2019,..,3.27,..,..,..,..,3.237,..,..,..,..,..,..,..,..,..,..,..,..,..,..,..,..,..,..
Armenia,ARM,Food Prices for Nutrition 1.0,FPN 1.0,2020,YR2020,..,3.28,..,..,..,..,3.247,..,..,..,..,..,..,..,..,..,..,..,..,..,..,..,..,..,..
Armenia,ARM,Food Prices for Nutrition 1.0,FPN 1.0,2021,YR2021,..,..,..,..,..,..,..,..,..,..,..,..,..,..,..,..,..,..,..,..,..,..,..,..,..
Armenia,ARM,Food Prices for Nutrition 1.1,FPN 1.1,2017,YR2017,0.27,2.764,0.192,1.971,0.088,0.904,3.096,3.06,2.208,1.013,0.973,1.81,0.488,0.91,0.541,1.01,0.123,0.23,0.537,0.433,0.81,0.314,0.158,0.175,0.04
Armenia,ARM,Food Prices for Nutrition 1.1,FPN 1.1,2018,YR2018,..,2.827,..,..,..,..,3.166,..,..,..,..,..,..,..,..,..,..,..,..,..,..,..,..,..,..
Armenia,ARM,Food Prices for Nutrition 1.1,FPN 1.1,2019,YR2019,..,2.89,..,..,..,..,3.237,..,..,..,..,..,..,..,..,..,..,..,..,..,..,..,..,..,..
Armenia,ARM,Food Prices for Nutrition 1.1,FPN 1.1,2020,YR2020,..,2.899,..,..,..,..,3.247,..,..,..,..,..,..,..,..,..,..,..,..,..,..,..,..,..,..
Armenia,ARM,Food Prices for Nutrition 1.1,FPN 1.1,2021,YR2021,..,..,..,..,..,..,..,..,..,..,..,..,..,..,..,..,..,..,..,..,..,..,..,..,..
Armenia,ARM,Food Prices for Nutrition 2.0,FPN 2.0,2017,YR2017,0.27,2.764,0.192,1.971,0.088,0.904,3.096,3.06,2.208,1.013,0.973,1.81,0.488,0.91,0.541,1.01,0.123,0.23,0.537,0.433,0.81,0.314,0.158,0.175,0.04
Armenia,ARM,Food Prices for Nutrition 2.0,FPN 2.0,2018,YR2018,..,2.827,..,..,..,..,3.166,..,..,..,..,..,..,..,..,..,..,..,..,..,..,..,..,..,..
Armenia,ARM,Food Prices for Nutrition 2.0,FPN 2.0,2019,YR2019,..,2.89,..,..,..,..,3.237,..,..,..,..,..,..,..,..,..,..,..,..,..,..,..,..,..,..
Armenia,ARM,Food Prices for Nutrition 2.0,FPN 2.0,2020,YR2020,..,2.899,..,..,..,..,3.247,..,..,..,..,..,..,..,..,..,..,..,..,..,..,..,..,..,..
Armenia,ARM,Food Prices for Nutrition 2.0,FPN 2.0,2021,YR2021,..,3.149,..,..,..,..,3.527,..,..,..,..,..,..,..,..,..,..,..,..,..,..,..,..,..,..
Armenia,ARM,Food Prices for Nutrition 2.1,FPN 2.1,2017,YR2017,0.27,2.764,0.192,1.971,0.088,0.904,3.096,3.06,2.208,1.013,0.973,1.81,0.488,0.91,0.541,1.01,0.123,0.23,0.537,0.433,0.81,0.314,0.158,0.175,0.04
Armenia,ARM,Food Prices for Nutrition 2.1,FPN 2.1,2018,YR2018,..,2.827,..,..,..,..,3.166,..,..,..,..,..,..,..,..,..,..,..,..,..,..,..,..,..,..
Armenia,ARM,Food Prices for Nutrition 2.1,FPN 2.1,2019,YR2019,..,2.89,..,..,..,..,3.237,..,..,..,..,..,..,..,..,..,..,..,..,..,..,..,..,..,..
Armenia,ARM,Food Prices for Nutrition 2.1,FPN 2.1,2020,YR2020,..,2.899,..,..,..,..,3.247,..,..,..,..,..,..,..,..,..,..,..,..,..,..,..,..,..,..
Armenia,ARM,Food Prices for Nutrition 2.1,FPN 2.1,2021,YR2021,..,3.149,..,..,..,..,3.527,..,..,..,..,..,..,..,..,..,..,..,..,..,..,..,..,..,..
Aruba,ABW,Food Prices for Nutrition 1.0,FPN 1.0,2017,YR2017,0.723,3.453,0.6,2.864,0.239,1.141,3.418,3.02,2.835,1.13,0.718,0.9,0.475,0.6,0.407,0.51,0.115,0.14,0.797,0.907,1.14,0.21,0.139,0.119,0.034
Aruba,ABW,Food Prices for Nutrition 1.0,FPN 1.0,2018,YR2018,..,3.657,..,..,..,..,3.62,..,..,..,..,..,..,..,..,..,..,..,..,..,..,..,..,..,..
Aruba,ABW,Food Prices for Nutrition 1.0,FPN 1.0,2019,YR2019,..,3.946,..,..,..,..,3.907,..,..,..,..,..,..,..,..,..,..,..,..,..,..,..,..,..,..
Aruba,ABW,Food Prices for Nutrition 1.0,FPN 1.0,2020,YR2020,..,4.18,..,..,..,..,4.138,..,..,..,..,..,..,..,..,..,..,..,..,..,..,..,..,..,..
Aruba,ABW,Food Prices for Nutrition 1.0,FPN 1.0,2021,YR2021,..,..,..,..,..,..,..,..,..,..,..,..,..,..,..,..,..,..,..,..,..,..,..,..,..
Aruba,ABW,Food Prices for Nutrition 1.1,FPN 1.1,2017,YR2017,0.723,3.052,0.6,2.531,0.239,1.009,3.418,3.02,2.835,1.13,0.718,0.9,0.475,0.6,0.407,0.51,0.115,0.14,0.797,0.907,1.14,0.21,0.139,0.119,0.034
Aruba,ABW,Food Prices for Nutrition 1.1,FPN 1.1,2018,YR2018,..,3.232,..,..,..,..,3.62,..,..,..,..,..,..,..,..,..,..,..,..,..,..,..,..,..,..
Aruba,ABW,Food Prices for Nutrition 1.1,FPN 1.1,2019,YR2019,..,3.488,..,..,..,..,3.907,..,..,..,..,..,..,..,..,..,..,..,..,..,..,..,..,..,..
Aruba,ABW,Food Prices for Nutrition 1.1,FPN 1.1,2020,YR2020,..,3.695,..,..,..,..,4.138,..,..,..,..,..,..,..,..,..,..,..,..,..,..,..,..,..,..
Aruba,ABW,Food Prices for Nutrition 1.1,FPN 1.1,2021,YR2021,..,..,..,..,..,..,..,..,..,..,..,..,..,..,..,..,..,..,..,..,..,..,..,..,..
Aruba,ABW,Food Prices for Nutrition 2.0,FPN 2.0,2017,YR2017,0.723,3.052,0.6,2.531,0.239,1.009,3.418,3.02,2.835,1.13,0.718,0.9,0.475,0.6,0.407,0.51,0.115,0.14,0.797,0.907,1.14,0.21,0.139,0.119,0.034
Aruba,ABW,Food Prices for Nutrition 2.0,FPN 2.0,2018,YR2018,..,3.232,..,..,..,..,3.62,..,..,..,..,..,..,..,..,..,..,..,..,..,..,..,..,..,..
Aruba,ABW,Food Prices for Nutrition 2.0,FPN 2.0,2019,YR2019,..,3.488,..,..,..,..,3.907,..,..,..,..,..,..,..,..,..,..,..,..,..,..,..,..,..,..
Aruba,ABW,Food Prices for Nutrition 2.0,FPN 2.0,2020,YR2020,..,3.578,..,..,..,..,4.007,..,..,..,..,..,..,..,..,..,..,..,..,..,..,..,..,..,..
Aruba,ABW,Food Prices for Nutrition 2.0,FPN 2.0,2021,YR2021,..,3.675,..,..,..,..,4.116,..,..,..,..,..,..,..,..,..,..,..,..,..,..,..,..,..,..
Aruba,ABW,Food Prices for Nutrition 2.1,FPN 2.1,2017,YR2017,0.723,3.052,0.6,2.531,0.239,1.009,3.418,3.02,2.835,1.13,0.718,0.9,0.475,0.6,0.407,0.51,0.115,0.14,0.797,0.907,1.14,0.21,0.139,0.119,0.034
Aruba,ABW,Food Prices for Nutrition 2.1,FPN 2.1,2018,YR2018,..,3.232,..,..,..,..,3.62,..,..,..,..,..,..,..,..,..,..,..,..,..,..,..,..,..,..
Aruba,ABW,Food Prices for Nutrition 2.1,FPN 2.1,2019,YR2019,..,3.488,..,..,..,..,3.907,..,..,..,..,..,..,..,..,..,..,..,..,..,..,..,..,..,..
Aruba,ABW,Food Prices for Nutrition 2.1,FPN 2.1,2020,YR2020,..,3.578,..,..,..,..,4.007,..,..,..,..,..,..,..,..,..,..,..,..,..,..,..,..,..,..
Aruba,ABW,Food Prices for Nutrition 2.1,FPN 2.1,2021,YR2021,..,3.675,..,..,..,..,4.116,..,..,..,..,..,..,..,..,..,..,..,..,..,..,..,..,..,..
Australia,AUS,Food Prices for Nutrition 1.0,FPN 1.0,2017,YR2017,0.333,2.282,0.235,1.611,0.045,0.31,2.259,7.36,1.595,0.307,0.458,2.07,0.667,3.02,0.249,1.13,0.067,0.3,0.221,0.597,2.7,0.203,0.295,0.11,0.03
Australia,AUS,Food Prices for Nutrition 1.0,FPN 1.0,2018,YR2018,..,2.296,..,..,..,..,2.273,..,..,..,..,..,..,..,..,..,..,..,..,..,..,..,..,..,..
Australia,AUS,Food Prices for Nutrition 1.0,FPN 1.0,2019,YR2019,..,2.348,..,..,..,..,2.325,..,..,..,..,..,..,..,..,..,..,..,..,..,..,..,..,..,..
Australia,AUS,Food Prices for Nutrition 1.0,FPN 1.0,2020,YR2020,..,2.587,..,..,..,..,2.561,..,..,..,..,..,..,..,..,..,..,..,..,..,..,..,..,..,..
Australia,AUS,Food Prices for Nutrition 1.0,FPN 1.0,2021,YR2021,..,..,..,..,..,..,..,..,..,..,..,..,..,..,..,..,..,..,..,..,..,..,..,..,..
Australia,AUS,Food Prices for Nutrition 1.1,FPN 1.1,2017,YR2017,0.333,2.017,0.235,1.424,0.045,0.274,2.259,7.36,1.595,0.307,0.458,2.07,0.667,3.02,0.249,1.13,0.067,0.3,0.221,0.597,2.7,0.203,0.295,0.11,0.03
Australia,AUS,Food Prices for Nutrition 1.1,FPN 1.1,2018,YR2018,..,2.029,..,..,..,..,2.273,..,..,..,..,..,..,..,..,..,..,..,..,..,..,..,..,..,..
Australia,AUS,Food Prices for Nutrition 1.1,FPN 1.1,2019,YR2019,..,2.076,..,..,..,..,2.325,..,..,..,..,..,..,..,..,..,..,..,..,..,..,..,..,..,..
Australia,AUS,Food Prices for Nutrition 1.1,FPN 1.1,2020,YR2020,..,2.287,..,..,..,..,2.561,..,..,..,..,..,..,..,..,..,..,..,..,..,..,..,..,..,..
Australia,AUS,Food Prices for Nutrition 1.1,FPN 1.1,2021,YR2021,..,..,..,..,..,..,..,..,..,..,..,..,..,..,..,..,..,..,..,..,..,..,..,..,..
Australia,AUS,Food Prices for Nutrition 2.0,FPN 2.0,2017,YR2017,0.333,2.017,0.235,1.424,0.045,0.274,2.259,7.36,1.595,0.307,0.458,2.07,0.667,3.02,0.249,1.13,0.067,0.3,0.221,0.597,2.7,0.203,0.295,0.11,0.03
Australia,AUS,Food Prices for Nutrition 2.0,FPN 2.0,2018,YR2018,..,2.038,..,..,..,..,2.283,..,..,..,..,..,..,..,..,..,..,..,..,..,..,..,..,..,..
Australia,AUS,Food Prices for Nutrition 2.0,FPN 2.0,2019,YR2019,..,2.05,..,..,..,..,2.296,..,..,..,..,..,..,..,..,..,..,..,..,..,..,..,..,..,..
Australia,AUS,Food Prices for Nutrition 2.0,FPN 2.0,2020,YR2020,..,2.133,..,..,..,..,2.389,..,..,..,..,..,..,..,..,..,..,..,..,..,..,..,..,..,..
Australia,AUS,Food Prices for Nutrition 2.0,FPN 2.0,2021,YR2021,..,2.176,..,..,..,..,2.437,..,..,..,..,..,..,..,..,..,..,..,..,..,..,..,..,..,..
Australia,AUS,Food Prices for Nutrition 2.1,FPN 2.1,2017,YR2017,0.333,2.017,0.235,1.424,0.045,0.274,2.259,7.36,1.595,0.307,0.458,2.07,0.667,3.02,0.249,1.13,0.067,0.3,0.221,0.597,2.7,0.203,0.295,0.11,0.03
Australia,AUS,Food Prices for Nutrition 2.1,FPN 2.1,2018,YR2018,..,2.038,..,..,..,..,2.283,..,..,..,..,..,..,..,..,..,..,..,..,..,..,..,..,..,..
Australia,AUS,Food Prices for Nutrition 2.1,FPN 2.1,2019,YR2019,..,2.05,..,..,..,..,2.296,..,..,..,..,..,..,..,..,..,..,..,..,..,..,..,..,..,..
Australia,AUS,Food Prices for Nutrition 2.1,FPN 2.1,2020,YR2020,..,2.133,..,..,..,..,2.389,..,..,..,..,..,..,..,..,..,..,..,..,..,..,..,..,..,..
Australia,AUS,Food Prices for Nutrition 2.1,FPN 2.1,2021,YR2021,..,2.176,..,..,..,..,2.437,..,..,..,..,..,..,..,..,..,..,..,..,..,..,..,..,..,..
Austria,AUT,Food Prices for Nutrition 1.0,FPN 1.0,2017,YR2017,0.39,2.8,0.318,2.279,0.049,0.349,2.772,8.01,2.256,0.346,0.612,2.67,0.819,3.58,0.36,1.57,0.055,0.24,0.229,0.698,3.05,0.221,0.295,0.13,0.02
Austria,AUT,Food Prices for Nutrition 1.0,FPN 1.0,2018,YR2018,..,2.877,..,..,..,..,2.848,..,..,..,..,..,..,..,..,..,..,..,..,..,..,..,..,..,..
Austria,AUT,Food Prices for Nutrition 1.0,FPN 1.0,2019,YR2019,..,2.846,..,..,..,..,2.818,..,..,..,..,..,..,..,..,..,..,..,..,..,..,..,..,..,..
Austria,AUT,Food Prices for Nutrition 1.0,FPN 1.0,2020,YR2020,..,3.011,..,..,..,..,2.981,..,..,..,..,..,..,..,..,..,..,..,..,..,..,..,..,..,..
Austria,AUT,Food Prices for Nutrition 1.0,FPN 1.0,2021,YR2021,..,..,..,..,..,..,..,..,..,..,..,..,..,..,..,..,..,..,..,..,..,..,..,..,..
Austria,AUT,Food Prices for Nutrition 1.1,FPN 1.1,2017,YR2017,0.39,2.475,0.318,2.014,0.049,0.309,2.772,8.01,2.256,0.346,0.612,2.67,0.819,3.58,0.36,1.57,0.055,0.24,0.229,0.698,3.05,0.221,0.295,0.13,0.02
Austria,AUT,Food Prices for Nutrition 1.1,FPN 1.1,2018,YR2018,..,2.543,..,..,..,..,2.848,..,..,..,..,..,..,..,..,..,..,..,..,..,..,..,..,..,..
Austria,AUT,Food Prices for Nutrition 1.1,FPN 1.1,2019,YR2019,..,2.516,..,..,..,..,2.818,..,..,..,..,..,..,..,..,..,..,..,..,..,..,..,..,..,..
Austria,AUT,Food Prices for Nutrition 1.1,FPN 1.1,2020,YR2020,..,2.662,..,..,..,..,2.981,..,..,..,..,..,..,..,..,..,..,..,..,..,..,..,..,..,..
Austria,AUT,Food Prices for Nutrition 1.1,FPN 1.1,2021,YR2021,..,..,..,..,..,..,..,..,..,..,..,..,..,..,..,..,..,..,..,..,..,..,..,..,..
Austria,AUT,Food Prices for Nutrition 2.0,FPN 2.0,2017,YR2017,0.39,2.475,0.318,2.014,0.049,0.309,2.772,8.01,2.256,0.346,0.612,2.67,0.819,3.58,0.36,1.57,0.055,0.24,0.229,0.698,3.05,0.221,0.295,0.13,0.02
Austria,AUT,Food Prices for Nutrition 2.0,FPN 2.0,2018,YR2018,..,2.543,..,..,..,..,2.848,..,..,..,..,..,..,..,..,..,..,..,..,..,..,..,..,..,..
Austria,AUT,Food Prices for Nutrition 2.0,FPN 2.0,2019,YR2019,..,2.603,..,..,..,..,2.915,..,..,..,..,..,..,..,..,..,..,..,..,..,..,..,..,..,..
Austria,AUT,Food Prices for Nutrition 2.0,FPN 2.0,2020,YR2020,..,2.682,..,..,..,..,3.004,..,..,..,..,..,..,..,..,..,..,..,..,..,..,..,..,..,..
Austria,AUT,Food Prices for Nutrition 2.0,FPN 2.0,2021,YR2021,..,2.703,..,..,..,..,3.027,..,..,..,..,..,..,..,..,..,..,..,..,..,..,..,..,..,..
Austria,AUT,Food Prices for Nutrition 2.1,FPN 2.1,2017,YR2017,0.39,2.475,0.318,2.014,0.049,0.309,2.772,8.01,2.256,0.346,0.612,2.67,0.819,3.58,0.36,1.57,0.055,0.24,0.229,0.698,3.05,0.221,0.295,0.13,0.02
Austria,AUT,Food Prices for Nutrition 2.1,FPN 2.1,2018,YR2018,..,2.543,..,..,..,..,2.848,..,..,..,..,..,..,..,..,..,..,..,..,..,..,..,..,..,..
Austria,AUT,Food Prices for Nutrition 2.1,FPN 2.1,2019,YR2019,..,2.603,..,..,..,..,2.915,..,..,..,..,..,..,..,..,..,..,..,..,..,..,..,..,..,..
Austria,AUT,Food Prices for Nutrition 2.1,FPN 2.1,2020,YR2020,..,2.682,..,..,..,..,3.004,..,..,..,..,..,..,..,..,..,..,..,..,..,..,..,..,..,..
Austria,AUT,Food Prices for Nutrition 2.1,FPN 2.1,2021,YR2021,..,2.703,..,..,..,..,3.027,..,..,..,..,..,..,..,..,..,..,..,..,..,..,..,..,..,..
Azerbaijan,AZE,Food Prices for Nutrition 1.0,FPN 1.0,2017,YR2017,0.288,2.372,0.225,1.855,0.097,0.797,2.348,2.98,1.836,0.789,0.729,1.63,0.26,0.58,0.463,1.03,0.132,0.29,0.448,0.317,0.71,0.31,0.111,0.197,0.056
Azerbaijan,AZE,Food Prices for Nutrition 1.0,FPN 1.0,2018,YR2018,..,2.423,..,..,..,..,2.399,..,..,..,..,..,..,..,..,..,..,..,..,..,..,..,..,..,..
Azerbaijan,AZE,Food Prices for Nutrition 1.0,FPN 1.0,2019,YR2019,..,2.484,..,..,..,..,2.459,..,..,..,..,..,..,..,..,..,..,..,..,..,..,..,..,..,..
Azerbaijan,AZE,Food Prices for Nutrition 1.0,FPN 1.0,2020,YR2020,..,2.559,..,..,..,..,2.533,..,..,..,..,..,..,..,..,..,..,..,..,..,..,..,..,..,..
Azerbaijan,AZE,Food Prices for Nutrition 1.0,FPN 1.0,2021,YR2021,..,..,..,..,..,..,..,..,..,..,..,..,..,..,..,..,..,..,..,..,..,..,..,..,..
Azerbaijan,AZE,Food Prices for Nutrition 1.1,FPN 1.1,2017,YR2017,0.288,2.096,0.225,1.639,0.097,0.704,2.348,2.98,1.836,0.789,0.729,1.63,0.26,0.58,0.463,1.03,0.132,0.29,0.448,0.317,0.71,0.31,0.111,0.197,0.056
Azerbaijan,AZE,Food Prices for Nutrition 1.1,FPN 1.1,2018,YR2018,..,2.142,..,..,..,..,2.399,..,..,..,..,..,..,..,..,..,..,..,..,..,..,..,..,..,..
Azerbaijan,AZE,Food Prices for Nutrition 1.1,FPN 1.1,2019,YR2019,..,2.196,..,..,..,..,2.459,..,..,..,..,..,..,..,..,..,..,..,..,..,..,..,..,..,..
Azerbaijan,AZE,Food Prices for Nutrition 1.1,FPN 1.1,2020,YR2020,..,2.262,..,..,..,..,2.533,..,..,..,..,..,..,..,..,..,..,..,..,..,..,..,..,..,..
Azerbaijan,AZE,Food Prices for Nutrition 1.1,FPN 1.1,2021,YR2021,..,..,..,..,..,..,..,..,..,..,..,..,..,..,..,..,..,..,..,..,..,..,..,..,..
Azerbaijan,AZE,Food Prices for Nutrition 2.0,FPN 2.0,2017,YR2017,0.288,2.096,0.225,1.639,0.097,0.704,2.348,2.98,1.836,0.789,0.729,1.63,0.26,0.58,0.463,1.03,0.132,0.29,0.448,0.317,0.71,0.31,0.111,0.197,0.056
Azerbaijan,AZE,Food Prices for Nutrition 2.0,FPN 2.0,2018,YR2018,..,2.142,..,..,..,..,2.399,..,..,..,..,..,..,..,..,..,..,..,..,..,..,..,..,..,..
Azerbaijan,AZE,Food Prices for Nutrition 2.0,FPN 2.0,2019,YR2019,..,2.196,..,..,..,..,2.459,..,..,..,..,..,..,..,..,..,..,..,..,..,..,..,..,..,..
Azerbaijan,AZE,Food Prices for Nutrition 2.0,FPN 2.0,2020,YR2020,..,2.262,..,..,..,..,2.533,..,..,..,..,..,..,..,..,..,..,..,..,..,..,..,..,..,..
Azerbaijan,AZE,Food Prices for Nutrition 2.0,FPN 2.0,2021,YR2021,..,2.402,..,..,..,..,2.69,..,..,..,..,..,..,..,..,..,..,..,..,..,..,..,..,..,..
Azerbaijan,AZE,Food Prices for Nutrition 2.1,FPN 2.1,2017,YR2017,0.288,2.096,0.225,1.639,0.097,0.704,2.348,2.98,1.836,0.789,0.729,1.63,0.26,0.58,0.463,1.03,0.132,0.29,0.448,0.317,0.71,0.31,0.111,0.197,0.056
Azerbaijan,AZE,Food Prices for Nutrition 2.1,FPN 2.1,2018,YR2018,..,2.142,..,..,..,..,2.399,..,..,..,..,..,..,..,..,..,..,..,..,..,..,..,..,..,..
Azerbaijan,AZE,Food Prices for Nutrition 2.1,FPN 2.1,2019,YR2019,..,2.196,..,..,..,..,2.459,..,..,..,..,..,..,..,..,..,..,..,..,..,..,..,..,..,..
Azerbaijan,AZE,Food Prices for Nutrition 2.1,FPN 2.1,2020,YR2020,..,2.262,..,..,..,..,2.533,..,..,..,..,..,..,..,..,..,..,..,..,..,..,..,..,..,..
Azerbaijan,AZE,Food Prices for Nutrition 2.1,FPN 2.1,2021,YR2021,..,2.402,..,..,..,..,2.69,..,..,..,..,..,..,..,..,..,..,..,..,..,..,..,..,..,..
Bahamas, The,BHS,Food Prices for Nutrition 1.0,FPN 1.0,2017,YR2017,0.69,4.319,0.755,4.73,0.169,1.06,4.276,4.08,4.683,1.049,0.848,1.48,1.03,1.79,0.656,1.14,0.453,0.79,0.574,0.716,1.25,0.198,0.241,0.153,0.106
Bahamas, The,BHS,Food Prices for Nutrition 1.0,FPN 1.0,2018,YR2018,..,4.431,..,..,..,..,4.387,..,..,..,..,..,..,..,..,..,..,..,..,..,..,..,..,..,..
Bahamas, The,BHS,Food Prices for Nutrition 1.0,FPN 1.0,2019,YR2019,..,4.408,..,..,..,..,4.364,..,..,..,..,..,..,..,..,..,..,..,..,..,..,..,..,..,..
Bahamas, The,BHS,Food Prices for Nutrition 1.0,FPN 1.0,2020,YR2020,..,4.533,..,..,..,..,4.488,..,..,..,..,..,..,..,..,..,..,..,..,..,..,..,..,..,..
Bahamas, The,BHS,Food Prices for Nutrition 1.0,FPN 1.0,2021,YR2021,..,..,..,..,..,..,..,..,..,..,..,..,..,..,..,..,..,..,..,..,..,..,..,..,..
Bahamas, The,BHS,Food Prices for Nutrition 1.1,FPN 1.1,2017,YR2017,0.69,3.818,0.755,4.181,0.169,0.937,4.276,4.08,4.683,1.049,0.848,1.48,1.03,1.79,0.656,1.14,0.453,0.79,0.574,0.716,1.25,0.198,0.241,0.153,0.106
Bahamas, The,BHS,Food Prices for Nutrition 1.1,FPN 1.1,2018,YR2018,..,3.917,..,..,..,..,4.387,..,..,..,..,..,..,..,..,..,..,..,..,..,..,..,..,..,..
Bahamas, The,BHS,Food Prices for Nutrition 1.1,FPN 1.1,2019,YR2019,..,3.896,..,..,..,..,4.364,..,..,..,..,..,..,..,..,..,..,..,..,..,..,..,..,..,..
Bahamas, The,BHS,Food Prices for Nutrition 1.1,FPN 1.1,2020,YR2020,..,4.007,..,..,..,..,4.488,..,..,..,..,..,..,..,..,..,..,..,..,..,..,..,..,..,..
Bahamas, The,BHS,Food Prices for Nutrition 1.1,FPN 1.1,2021,YR2021,..,..,..,..,..,..,..,..,..,..,..,..,..,..,..,..,..,..,..,..,..,..,..,..,..
Bahamas, The,BHS,Food Prices for Nutrition 2.0,FPN 2.0,2017,YR2017,0.69,3.818,0.755,4.181,0.169,0.937,4.276,4.08,4.683,1.049,0.848,1.48,1.03,1.79,0.656,1.14,0.453,0.79,0.574,0.716,1.25,0.198,0.241,0.153,0.106
Bahamas, The,BHS,Food Prices for Nutrition 2.0,FPN 2.0,2018,YR2018,..,3.917,..,..,..,..,4.387,..,..,..,..,..,..,..,..,..,..,..,..,..,..,..,..,..,..
Bahamas, The,BHS,Food Prices for Nutrition 2.0,FPN 2.0,2019,YR2019,..,3.896,..,..,..,..,4.364,..,..,..,..,..,..,..,..,..,..,..,..,..,..,..,..,..,..
Bahamas, The,BHS,Food Prices for Nutrition 2.0,FPN 2.0,2020,YR2020,..,4.007,..,..,..,..,4.488,..,..,..,..,..,..,..,..,..,..,..,..,..,..,..,..,..,..
Bahamas, The,BHS,Food Prices for Nutrition 2.0,FPN 2.0,2021,YR2021,..,4.162,..,..,..,..,4.661,..,..,..,..,..,..,..,..,..,..,..,..,..,..,..,..,..,..
Bahamas, The,BHS,Food Prices for Nutrition 2.1,FPN 2.1,2017,YR2017,0.69,3.818,0.755,4.181,0.169,0.937,4.276,4.08,4.683,1.049,0.848,1.48,1.03,1.79,0.656,1.14,0.453,0.79,0.574,0.716,1.25,0.198,0.241,0.153,0.106
Bahamas, The,BHS,Food Prices for Nutrition 2.1,FPN 2.1,2018,YR2018,..,3.917,..,..,..,..,4.387,..,..,..,..,..,..,..,..,..,..,..,..,..,..,..,..,..,..
Bahamas, The,BHS,Food Prices for Nutrition 2.1,FPN 2.1,2019,YR2019,..,3.896,..,..,..,..,4.364,..,..,..,..,..,..,..,..,..,..,..,..,..,..,..,..,..,..
Bahamas, The,BHS,Food Prices for Nutrition 2.1,FPN 2.1,2020,YR2020,..,4.007,..,..,..,..,4.488,..,..,..,..,..,..,..,..,..,..,..,..,..,..,..,..,..,..
Bahamas, The,BHS,Food Prices for Nutrition 2.1,FPN 2.1,2021,YR2021,..,4.162,..,..,..,..,4.661,..,..,..,..,..,..,..,..,..,..,..,..,..,..,..,..,..,..
Bahrain,BHR,Food Prices for Nutrition 1.0,FPN 1.0,2017,YR2017,0.492,3.413,0.412,2.858,0.115,0.8,3.379,4.27,2.829,0.792,1.006,1.54,0.474,0.73,0.373,0.57,0.185,0.28,0.653,0.688,1.05,0.298,0.14,0.11,0.055
Bahrain,BHR,Food Prices for Nutrition 1.0,FPN 1.0,2018,YR2018,..,3.498,..,..,..,..,3.463,..,..,..,..,..,..,..,..,..,..,..,..,..,..,..,..,..,..
Bahrain,BHR,Food Prices for Nutrition 1.0,FPN 1.0,2019,YR2019,..,3.609,..,..,..,..,3.573,..,..,..,..,..,..,..,..,..,..,..,..,..,..,..,..,..,..
Bahrain,BHR,Food Prices for Nutrition 1.0,FPN 1.0,2020,YR2020,..,3.874,..,..,..,..,3.835,..,..,..,..,..,..,..,..,..,..,..,..,..,..,..,..,..,..
Bahrain,BHR,Food Prices for Nutrition 1.0,FPN 1.0,2021,YR2021,..,..,..,..,..,..,..,..,..,..,..,..,..,..,..,..,..,..,..,..,..,..,..,..,..
Bahrain,BHR,Food Prices for Nutrition 1.1,FPN 1.1,2017,YR2017,0.492,3.017,0.412,2.526,0.115,0.707,3.379,4.27,2.829,0.792,1.006,1.54,0.474,0.73,0.373,0.57,0.185,0.28,0.653,0.688,1.05,0.298,0.14,0.11,0.055
Bahrain,BHR,Food Prices for Nutrition 1.1,FPN 1.1,2018,YR2018,..,3.092,..,..,..,..,3.463,..,..,..,..,..,..,..,..,..,..,..,..,..,..,..,..,..,..
Bahrain,BHR,Food Prices for Nutrition 1.1,FPN 1.1,2019,YR2019,..,3.19,..,..,..,..,3.573,..,..,..,..,..,..,..,..,..,..,..,..,..,..,..,..,..,..
Bahrain,BHR,Food Prices for Nutrition 1.1,FPN 1.1,2020,YR2020,..,3.424,..,..,..,..,3.835,..,..,..,..,..,..,..,..,..,..,..,..,..,..,..,..,..,..
Bahrain,BHR,Food Prices for Nutrition 1.1,FPN 1.1,2021,YR2021,..,..,..,..,..,..,..,..,..,..,..,..,..,..,..,..,..,..,..,..,..,..,..,..,..
Bahrain,BHR,Food Prices for Nutrition 2.0,FPN 2.0,2017,YR2017,0.492,3.017,0.412,2.526,0.115,0.707,3.379,4.27,2.829,0.792,1.006,1.54,0.474,0.73,0.373,0.57,0.185,0.28,0.653,0.688,1.05,0.298,0.14,0.11,0.055
Bahrain,BHR,Food Prices for Nutrition 2.0,FPN 2.0,2018,YR2018,..,3.092,..,..,..,..,3.463,..,..,..,..,..,..,..,..,..,..,..,..,..,..,..,..,..,..
Bahrain,BHR,Food Prices for Nutrition 2.0,FPN 2.0,2019,YR2019,..,3.19,..,..,..,..,3.573,..,..,..,..,..,..,..,..,..,..,..,..,..,..,..,..,..,..
Bahrain,BHR,Food Prices for Nutrition 2.0,FPN 2.0,2020,YR2020,..,3.424,..,..,..,..,3.835,..,..,..,..,..,..,..,..,..,..,..,..,..,..,..,..,..,..
Bahrain,BHR,Food Prices for Nutrition 2.0,FPN 2.0,2021,YR2021,..,3.604,..,..,..,..,4.036,..,..,..,..,..,..,..,..,..,..,..,..,..,..,..,..,..,..
Bahrain,BHR,Food Prices for Nutrition 2.1,FPN 2.1,2017,YR2017,0.492,3.017,0.412,2.526,0.115,0.707,3.379,4.27,2.829,0.792,1.006,1.54,0.474,0.73,0.373,0.57,0.185,0.28,0.653,0.688,1.05,0.298,0.14,0.11,0.055
Bahrain,BHR,Food Prices for Nutrition 2.1,FPN 2.1,2018,YR2018,..,3.092,..,..,..,..,3.463,..,..,..,..,..,..,..,..,..,..,..,..,..,..,..,..,..,..
Bahrain,BHR,Food Prices for Nutrition 2.1,FPN 2.1,2019,YR2019,..,3.19,..,..,..,..,3.573,..,..,..,..,..,..,..,..,..,..,..,..,..,..,..,..,..,..
Bahrain,BHR,Food Prices for Nutrition 2.1,FPN 2.1,2020,YR2020,..,3.424,..,..,..,..,3.835,..,..,..,..,..,..,..,..,..,..,..,..,..,..,..,..,..,..
Bahrain,BHR,Food Prices for Nutrition 2.1,FPN 2.1,2021,YR2021,..,3.604,..,..,..,..,4.036,..,..,..,..,..,..,..,..,..,..,..,..,..,..,..,..,..,..
Bangladesh,BGD,Food Prices for Nutrition 1.0,FPN 1.0,2017,YR2017,0.648,2.911,0.438,1.967,0.145,0.651,2.882,4.48,1.947,0.644,1.143,3.18,0.559,1.56,0.227,0.63,0.118,0.33,0.359,0.477,1.33,0.397,0.194,0.079,0.041
Bangladesh,BGD,Food Prices for Nutrition 1.0,FPN 1.0,2018,YR2018,..,3.001,..,..,..,..,2.971,..,..,..,..,..,..,..,..,..,..,..,..,..,..,..,..,..,..
Bangladesh,BGD,Food Prices for Nutrition 1.0,FPN 1.0,2019,YR2019,..,3.055,..,..,..,..,3.024,..,..,..,..,..,..,..,..,..,..,..,..,..,..,..,..,..,..
Bangladesh,BGD,Food Prices for Nutrition 1.0,FPN 1.0,2020,YR2020,..,3.095,..,..,..,..,3.064,..,..,..,..,..,..,..,..,..,..,..,..,..,..,..,..,..,..
Bangladesh,BGD,Food Prices for Nutrition 1.0,FPN 1.0,2021,YR2021,..,..,..,..,..,..,..,..,..,..,..,..,..,..,..,..,..,..,..,..,..,..,..,..,..
Bangladesh,BGD,Food Prices for Nutrition 1.1,FPN 1.1,2017,YR2017,0.648,2.573,0.438,1.738,0.145,0.575,2.882,4.48,1.947,0.644,1.143,3.18,0.559,1.56,0.227,0.63,0.118,0.33,0.359,0.477,1.33,0.397,0.194,0.079,0.041
Bangladesh,BGD,Food Prices for Nutrition 1.1,FPN 1.1,2018,YR2018,..,2.653,..,..,..,..,2.971,..,..,..,..,..,..,..,..,..,..,..,..,..,..,..,..,..,..
Bangladesh,BGD,Food Prices for Nutrition 1.1,FPN 1.1,2019,YR2019,..,2.7,..,..,..,..,3.024,..,..,..,..,..,..,..,..,..,..,..,..,..,..,..,..,..,..
Bangladesh,BGD,Food Prices for Nutrition 1.1,FPN 1.1,2020,YR2020,..,2.736,..,..,..,..,3.064,..,..,..,..,..,..,..,..,..,..,..,..,..,..,..,..,..,..
Bangladesh,BGD,Food Prices for Nutrition 1.1,FPN 1.1,2021,YR2021,..,..,..,..,..,..,..,..,..,..,..,..,..,..,..,..,..,..,..,..,..,..,..,..,..
Bangladesh,BGD,Food Prices for Nutrition 2.0,FPN 2.0,2017,YR2017,0.648,2.573,0.438,1.738,0.145,0.575,2.882,4.48,1.947,0.644,1.143,3.18,0.559,1.56,0.227,0.63,0.118,0.33,0.359,0.477,1.33,0.397,0.194,0.079,0.041
Bangladesh,BGD,Food Prices for Nutrition 2.0,FPN 2.0,2018,YR2018,..,2.653,..,..,..,..,2.971,..,..,..,..,..,..,..,..,..,..,..,..,..,..,..,..,..,..
Bangladesh,BGD,Food Prices for Nutrition 2.0,FPN 2.0,2019,YR2019,..,2.7,..,..,..,..,3.024,..,..,..,..,..,..,..,..,..,..,..,..,..,..,..,..,..,..
Bangladesh,BGD,Food Prices for Nutrition 2.0,FPN 2.0,2020,YR2020,..,2.736,..,..,..,..,3.064,..,..,..,..,..,..,..,..,..,..,..,..,..,..,..,..,..,..
Bangladesh,BGD,Food Prices for Nutrition 2.0,FPN 2.0,2021,YR2021,..,2.858,..,..,..,..,3.201,..,..,..,..,..,..,..,..,..,..,..,..,..,..,..,..,..,..
Bangladesh,BGD,Food Prices for Nutrition 2.1,FPN 2.1,2017,YR2017,0.648,2.573,0.438,1.738,0.145,0.575,2.882,4.48,1.947,0.644,1.143,3.18,0.559,1.56,0.227,0.63,0.118,0.33,0.359,0.477,1.33,0.397,0.194,0.079,0.041
Bangladesh,BGD,Food Prices for Nutrition 2.1,FPN 2.1,2018,YR2018,..,2.653,..,..,..,..,2.971,..,..,..,..,..,..,..,..,..,..,..,..,..,..,..,..,..,..
Bangladesh,BGD,Food Prices for Nutrition 2.1,FPN 2.1,2019,YR2019,..,2.7,..,..,..,..,3.024,..,..,..,..,..,..,..,..,..,..,..,..,..,..,..,..,..,..
Bangladesh,BGD,Food Prices for Nutrition 2.1,FPN 2.1,2020,YR2020,..,2.736,..,..,..,..,3.064,..,..,..,..,..,..,..,..,..,..,..,..,..,..,..,..,..,..
Bangladesh,BGD,Food Prices for Nutrition 2.1,FPN 2.1,2021,YR2021,..,2.858,..,..,..,..,3.201,..,..,..,..,..,..,..,..,..,..,..,..,..,..,..,..,..,..
Barbados,BRB,Food Prices for Nutrition 1.0,FPN 1.0,2017,YR2017,..,..,0.542,2.248,0.218,0.905,..,..,2.226,0.896,..,..,..,..,..,..,..,..,..,..,..,..,..,..,..
Barbados,BRB,Food Prices for Nutrition 1.0,FPN 1.0,2018,YR2018,..,..,..,..,..,..,..,..,..,..,..,..,..,..,..,..,..,..,..,..,..,..,..,..,..
Barbados,BRB,Food Prices for Nutrition 1.0,FPN 1.0,2019,YR2019,..,..,..,..,..,..,..,..,..,..,..,..,..,..,..,..,..,..,..,..,..,..,..,..,..
Barbados,BRB,Food Prices for Nutrition 1.0,FPN 1.0,2020,YR2020,..,..,..,..,..,..,..,..,..,..,..,..,..,..,..,..,..,..,..,..,..,..,..,..,..
Barbados,BRB,Food Prices for Nutrition 1.0,FPN 1.0,2021,YR2021,..,..,..,..,..,..,..,..,..,..,..,..,..,..,..,..,..,..,..,..,..,..,..,..,..
Barbados,BRB,Food Prices for Nutrition 1.1,FPN 1.1,2017,YR2017,..,..,0.542,1.988,0.218,0.8,..,..,2.226,0.896,..,..,..,..,..,..,..,..,..,..,..,..,..,..,..
Barbados,BRB,Food Prices for Nutrition 1.1,FPN 1.1,2018,YR2018,..,..,..,..,..,..,..,..,..,..,..,..,..,..,..,..,..,..,..,..,..,..,..,..,..
Barbados,BRB,Food Prices for Nutrition 1.1,FPN 1.1,2019,YR2019,..,..,..,..,..,..,..,..,..,..,..,..,..,..,..,..,..,..,..,..,..,..,..,..,..
Barbados,BRB,Food Prices for Nutrition 1.1,FPN 1.1,2020,YR2020,..,..,..,..,..,..,..,..,..,..,..,..,..,..,..,..,..,..,..,..,..,..,..,..,..
Barbados,BRB,Food Prices for Nutrition 1.1,FPN 1.1,2021,YR2021,..,..,..,..,..,..,..,..,..,..,..,..,..,..,..,..,..,..,..,..,..,..,..,..,..
Barbados,BRB,Food Prices for Nutrition 2.0,FPN 2.0,2017,YR2017,..,..,0.542,1.988,0.218,0.8,..,..,2.226,0.896,..,..,..,..,..,..,..,..,..,..,..,..,..,..,..
Barbados,BRB,Food Prices for Nutrition 2.0,FPN 2.0,2018,YR2018,..,..,..,..,..,..,..,..,..,..,..,..,..,..,..,..,..,..,..,..,..,..,..,..,..
Barbados,BRB,Food Prices for Nutrition 2.0,FPN 2.0,2019,YR2019,..,..,..,..,..,..,..,..,..,..,..,..,..,..,..,..,..,..,..,..,..,..,..,..,..
Barbados,BRB,Food Prices for Nutrition 2.0,FPN 2.0,2020,YR2020,..,..,..,..,..,..,..,..,..,..,..,..,..,..,..,..,..,..,..,..,..,..,..,..,..
Barbados,BRB,Food Prices for Nutrition 2.0,FPN 2.0,2021,YR2021,..,..,..,..,..,..,..,..,..,..,..,..,..,..,..,..,..,..,..,..,..,..,..,..,..
Barbados,BRB,Food Prices for Nutrition 2.1,FPN 2.1,2017,YR2017,..,..,0.542,1.988,0.218,0.8,..,..,2.226,0.896,..,..,..,..,..,..,..,..,..,..,..,..,..,..,..
Barbados,BRB,Food Prices for Nutrition 2.1,FPN 2.1,2018,YR2018,..,..,..,..,..,..,..,..,..,..,..,..,..,..,..,..,..,..,..,..,..,..,..,..,..
Barbados,BRB,Food Prices for Nutrition 2.1,FPN 2.1,2019,YR2019,..,..,..,..,..,..,..,..,..,..,..,..,..,..,..,..,..,..,..,..,..,..,..,..,..
Barbados,BRB,Food Prices for Nutrition 2.1,FPN 2.1,2020,YR2020,..,..,..,..,..,..,..,..,..,..,..,..,..,..,..,..,..,..,..,..,..,..,..,..,..
Barbados,BRB,Food Prices for Nutrition 2.1,FPN 2.1,2021,YR2021,..,..,..,..,..,..,..,..,..,..,..,..,..,..,..,..,..,..,..,..,..,..,..,..,..
Belarus,BLR,Food Prices for Nutrition 1.0,FPN 1.0,2017,YR2017,0.378,3.209,0.257,2.183,0.095,0.808,3.177,3.97,2.161,0.8,0.826,1.63,0.678,1.34,0.643,1.27,0.174,0.34,0.506,0.349,0.69,0.26,0.213,0.202,0.055
Belarus,BLR,Food Prices for Nutrition 1.0,FPN 1.0,2018,YR2018,..,3.261,..,..,..,..,3.228,..,..,..,..,..,..,..,..,..,..,..,..,..,..,..,..,..,..
Belarus,BLR,Food Prices for Nutrition 1.0,FPN 1.0,2019,YR2019,..,3.343,..,..,..,..,3.31,..,..,..,..,..,..,..,..,..,..,..,..,..,..,..,..,..,..
Belarus,BLR,Food Prices for Nutrition 1.0,FPN 1.0,2020,YR2020,..,3.343,..,..,..,..,3.31,..,..,..,..,..,..,..,..,..,..,..,..,..,..,..,..,..,..
Belarus,BLR,Food Prices for Nutrition 1.0,FPN 1.0,2021,YR2021,..,..,..,..,..,..,..,..,..,..,..,..,..,..,..,..,..,..,..,..,..,..,..,..,..
Belarus,BLR,Food Prices for Nutrition 1.1,FPN 1.1,2017,YR2017,0.378,2.837,0.257,1.929,0.095,0.714,3.177,3.97,2.161,0.8,0.826,1.63,0.678,1.34,0.643,1.27,0.174,0.34,0.506,0.349,0.69,0.26,0.213,0.202,0.055
Belarus,BLR,Food Prices for Nutrition 1.1,FPN 1.1,2018,YR2018,..,2.882,..,..,..,..,3.228,..,..,..,..,..,..,..,..,..,..,..,..,..,..,..,..,..,..
Belarus,BLR,Food Prices for Nutrition 1.1,FPN 1.1,2019,YR2019,..,2.955,..,..,..,..,3.31,..,..,..,..,..,..,..,..,..,..,..,..,..,..,..,..,..,..
Belarus,BLR,Food Prices for Nutrition 1.1,FPN 1.1,2020,YR2020,..,2.955,..,..,..,..,3.31,..,..,..,..,..,..,..,..,..,..,..,..,..,..,..,..,..,..
Belarus,BLR,Food Prices for Nutrition 1.1,FPN 1.1,2021,YR2021,..,..,..,..,..,..,..,..,..,..,..,..,..,..,..,..,..,..,..,..,..,..,..,..,..
Belarus,BLR,Food Prices for Nutrition 2.0,FPN 2.0,2017,YR2017,0.378,2.837,0.257,1.929,0.095,0.714,3.177,3.97,2.161,0.8,0.826,1.63,0.678,1.34,0.643,1.27,0.174,0.34,0.506,0.349,0.69,0.26,0.213,0.202,0.055
Belarus,BLR,Food Prices for Nutrition 2.0,FPN 2.0,2018,YR2018,..,2.882,..,..,..,..,3.228,..,..,..,..,..,..,..,..,..,..,..,..,..,..,..,..,..,..
Belarus,BLR,Food Prices for Nutrition 2.0,FPN 2.0,2019,YR2019,..,2.955,..,..,..,..,3.31,..,..,..,..,..,..,..,..,..,..,..,..,..,..,..,..,..,..
Belarus,BLR,Food Prices for Nutrition 2.0,FPN 2.0,2020,YR2020,..,2.955,..,..,..,..,3.31,..,..,..,..,..,..,..,..,..,..,..,..,..,..,..,..,..,..
Belarus,BLR,Food Prices for Nutrition 2.0,FPN 2.0,2021,YR2021,..,3.099,..,..,..,..,3.471,..,..,..,..,..,..,..,..,..,..,..,..,..,..,..,..,..,..
Belarus,BLR,Food Prices for Nutrition 2.1,FPN 2.1,2017,YR2017,0.378,2.837,0.257,1.929,0.095,0.714,3.177,3.97,2.161,0.8,0.826,1.63,0.678,1.34,0.643,1.27,0.174,0.34,0.506,0.349,0.69,0.26,0.213,0.202,0.055
Belarus,BLR,Food Prices for Nutrition 2.1,FPN 2.1,2018,YR2018,..,2.882,..,..,..,..,3.228,..,..,..,..,..,..,..,..,..,..,..,..,..,..,..,..,..,..
Belarus,BLR,Food Prices for Nutrition 2.1,FPN 2.1,2019,YR2019,..,2.955,..,..,..,..,3.31,..,..,..,..,..,..,..,..,..,..,..,..,..,..,..,..,..,..
Belarus,BLR,Food Prices for Nutrition 2.1,FPN 2.1,2020,YR2020,..,2.955,..,..,..,..,3.31,..,..,..,..,..,..,..,..,..,..,..,..,..,..,..,..,..,..
Belarus,BLR,Food Prices for Nutrition 2.1,FPN 2.1,2021,YR2021,..,3.099,..,..,..,..,3.471,..,..,..,..,..,..,..,..,..,..,..,..,..,..,..,..,..,..
Belgium,BEL,Food Prices for Nutrition 1.0,FPN 1.0,2017,YR2017,0.347,2.891,0.291,2.43,0.032,0.266,2.862,10.88,2.406,0.263,0.745,3.36,0.79,3.56,0.369,1.66,0.06,0.27,0.222,0.677,3.05,0.26,0.276,0.129,0.021
Belgium,BEL,Food Prices for Nutrition 1.0,FPN 1.0,2018,YR2018,..,2.992,..,..,..,..,2.962,..,..,..,..,..,..,..,..,..,..,..,..,..,..,..,..,..,..
Belgium,BEL,Food Prices for Nutrition 1.0,FPN 1.0,2019,YR2019,..,2.973,..,..,..,..,2.943,..,..,..,..,..,..,..,..,..,..,..,..,..,..,..,..,..,..
Belgium,BEL,Food Prices for Nutrition 1.0,FPN 1.0,2020,YR2020,..,3.162,..,..,..,..,3.13,..,..,..,..,..,..,..,..,..,..,..,..,..,..,..,..,..,..
Belgium,BEL,Food Prices for Nutrition 1.0,FPN 1.0,2021,YR2021,..,..,..,..,..,..,..,..,..,..,..,..,..,..,..,..,..,..,..,..,..,..,..,..,..
Belgium,BEL,Food Prices for Nutrition 1.1,FPN 1.1,2017,YR2017,0.347,2.555,0.291,2.148,0.032,0.235,2.862,10.88,2.406,0.263,0.745,3.36,0.79,3.56,0.369,1.66,0.06,0.27,0.222,0.677,3.05,0.26,0.276,0.129,0.021
Belgium,BEL,Food Prices for Nutrition 1.1,FPN 1.1,2018,YR2018,..,2.645,..,..,..,..,2.962,..,..,..,..,..,..,..,..,..,..,..,..,..,..,..,..,..,..
Belgium,BEL,Food Prices for Nutrition 1.1,FPN 1.1,2019,YR2019,..,2.628,..,..,..,..,2.943,..,..,..,..,..,..,..,..,..,..,..,..,..,..,..,..,..,..
Belgium,BEL,Food Prices for Nutrition 1.1,FPN 1.1,2020,YR2020,..,2.795,..,..,..,..,3.13,..,..,..,..,..,..,..,..,..,..,..,..,..,..,..,..,..,..
Belgium,BEL,Food Prices for Nutrition 1.1,FPN 1.1,2021,YR2021,..,..,..,..,..,..,..,..,..,..,..,..,..,..,..,..,..,..,..,..,..,..,..,..,..
Belgium,BEL,Food Prices for Nutrition 2.0,FPN 2.0,2017,YR2017,0.347,2.555,0.291,2.148,0.032,0.235,2.862,10.88,2.406,0.263,0.745,3.36,0.79,3.56,0.369,1.66,0.06,0.27,0.222,0.677,3.05,0.26,0.276,0.129,0.021
Belgium,BEL,Food Prices for Nutrition 2.0,FPN 2.0,2018,YR2018,..,2.645,..,..,..,..,2.962,..,..,..,..,..,..,..,..,..,..,..,..,..,..,..,..,..,..
Belgium,BEL,Food Prices for Nutrition 2.0,FPN 2.0,2019,YR2019,..,2.721,..,..,..,..,3.047,..,..,..,..,..,..,..,..,..,..,..,..,..,..,..,..,..,..
Belgium,BEL,Food Prices for Nutrition 2.0,FPN 2.0,2020,YR2020,..,2.821,..,..,..,..,3.159,..,..,..,..,..,..,..,..,..,..,..,..,..,..,..,..,..,..
Belgium,BEL,Food Prices for Nutrition 2.0,FPN 2.0,2021,YR2021,..,2.79,..,..,..,..,3.125,..,..,..,..,..,..,..,..,..,..,..,..,..,..,..,..,..,..
Belgium,BEL,Food Prices for Nutrition 2.1,FPN 2.1,2017,YR2017,0.347,2.555,0.291,2.148,0.032,0.235,2.862,10.88,2.406,0.263,0.745,3.36,0.79,3.56,0.369,1.66,0.06,0.27,0.222,0.677,3.05,0.26,0.276,0.129,0.021
Belgium,BEL,Food Prices for Nutrition 2.1,FPN 2.1,2018,YR2018,..,2.645,..,..,..,..,2.962,..,..,..,..,..,..,..,..,..,..,..,..,..,..,..,..,..,..
Belgium,BEL,Food Prices for Nutrition 2.1,FPN 2.1,2019,YR2019,..,2.721,..,..,..,..,3.047,..,..,..,..,..,..,..,..,..,..,..,..,..,..,..,..,..,..
Belgium,BEL,Food Prices for Nutrition 2.1,FPN 2.1,2020,YR2020,..,2.821,..,..,..,..,3.159,..,..,..,..,..,..,..,..,..,..,..,..,..,..,..,..,..,..
Belgium,BEL,Food Prices for Nutrition 2.1,FPN 2.1,2021,YR2021,..,2.79,..,..,..,..,3.125,..,..,..,..,..,..,..,..,..,..,..,..,..,..,..,..,..,..
Belize,BLZ,Food Prices for Nutrition 1.0,FPN 1.0,2017,YR2017,1.009,2.501,1.143,2.831,0.461,1.141,2.476,2.19,2.803,1.13,0.776,2.04,0.162,0.43,0.224,0.59,0.129,0.34,0.38,0.805,2.12,0.313,0.065,0.09,0.052
Belize,BLZ,Food Prices for Nutrition 1.0,FPN 1.0,2018,YR2018,..,2.344,..,..,..,..,2.321,..,..,..,..,..,..,..,..,..,..,..,..,..,..,..,..,..,..
Belize,BLZ,Food Prices for Nutrition 1.0,FPN 1.0,2019,YR2019,..,2.243,..,..,..,..,2.221,..,..,..,..,..,..,..,..,..,..,..,..,..,..,..,..,..,..
Belize,BLZ,Food Prices for Nutrition 1.0,FPN 1.0,2020,YR2020,..,2.162,..,..,..,..,2.14,..,..,..,..,..,..,..,..,..,..,..,..,..,..,..,..,..,..
Belize,BLZ,Food Prices for Nutrition 1.0,FPN 1.0,2021,YR2021,..,..,..,..,..,..,..,..,..,..,..,..,..,..,..,..,..,..,..,..,..,..,..,..,..
Belize,BLZ,Food Prices for Nutrition 1.1,FPN 1.1,2017,YR2017,1.009,2.211,1.143,2.503,0.461,1.009,2.476,2.19,2.803,1.13,0.776,2.04,0.162,0.43,0.224,0.59,0.129,0.34,0.38,0.805,2.12,0.313,0.065,0.09,0.052
Belize,BLZ,Food Prices for Nutrition 1.1,FPN 1.1,2018,YR2018,..,2.072,..,..,..,..,2.321,..,..,..,..,..,..,..,..,..,..,..,..,..,..,..,..,..,..
Belize,BLZ,Food Prices for Nutrition 1.1,FPN 1.1,2019,YR2019,..,1.983,..,..,..,..,2.221,..,..,..,..,..,..,..,..,..,..,..,..,..,..,..,..,..,..
Belize,BLZ,Food Prices for Nutrition 1.1,FPN 1.1,2020,YR2020,..,1.911,..,..,..,..,2.14,..,..,..,..,..,..,..,..,..,..,..,..,..,..,..,..,..,..
Belize,BLZ,Food Prices for Nutrition 1.1,FPN 1.1,2021,YR2021,..,..,..,..,..,..,..,..,..,..,..,..,..,..,..,..,..,..,..,..,..,..,..,..,..
Belize,BLZ,Food Prices for Nutrition 2.0,FPN 2.0,2017,YR2017,1.009,2.211,1.143,2.503,0.461,1.009,2.476,2.19,2.803,1.13,0.776,2.04,0.162,0.43,0.224,0.59,0.129,0.34,0.38,0.805,2.12,0.313,0.065,0.09,0.052
Belize,BLZ,Food Prices for Nutrition 2.0,FPN 2.0,2018,YR2018,..,2.247,..,..,..,..,2.517,..,..,..,..,..,..,..,..,..,..,..,..,..,..,..,..,..,..
Belize,BLZ,Food Prices for Nutrition 2.0,FPN 2.0,2019,YR2019,..,2.298,..,..,..,..,2.574,..,..,..,..,..,..,..,..,..,..,..,..,..,..,..,..,..,..
Belize,BLZ,Food Prices for Nutrition 2.0,FPN 2.0,2020,YR2020,..,2.35,..,..,..,..,2.632,..,..,..,..,..,..,..,..,..,..,..,..,..,..,..,..,..,..
Belize,BLZ,Food Prices for Nutrition 2.0,FPN 2.0,2021,YR2021,..,2.497,..,..,..,..,2.797,..,..,..,..,..,..,..,..,..,..,..,..,..,..,..,..,..,..
Belize,BLZ,Food Prices for Nutrition 2.1,FPN 2.1,2017,YR2017,1.009,2.211,1.143,2.503,0.461,1.009,2.476,2.19,2.803,1.13,0.776,2.04,0.162,0.43,0.224,0.59,0.129,0.34,0.38,0.805,2.12,0.313,0.065,0.09,0.052
Belize,BLZ,Food Prices for Nutrition 2.1,FPN 2.1,2018,YR2018,..,2.247,..,..,..,..,2.517,..,..,..,..,..,..,..,..,..,..,..,..,..,..,..,..,..,..
Belize,BLZ,Food Prices for Nutrition 2.1,FPN 2.1,2019,YR2019,..,2.298,..,..,..,..,2.574,..,..,..,..,..,..,..,..,..,..,..,..,..,..,..,..,..,..
Belize,BLZ,Food Prices for Nutrition 2.1,FPN 2.1,2020,YR2020,..,2.35,..,..,..,..,2.632,..,..,..,..,..,..,..,..,..,..,..,..,..,..,..,..,..,..
Belize,BLZ,Food Prices for Nutrition 2.1,FPN 2.1,2021,YR2021,..,2.497,..,..,..,..,2.797,..,..,..,..,..,..,..,..,..,..,..,..,..,..,..,..,..,..
Benin,BEN,Food Prices for Nutrition 1.0,FPN 1.0,2017,YR2017,1.721,3.586,1.211,2.523,0.316,0.659,3.55,5.44,2.498,0.652,1.168,2.85,0.538,1.31,0.297,0.72,0.125,0.3,0.41,1.012,2.47,0.329,0.152,0.084,0.035
Benin,BEN,Food Prices for Nutrition 1.0,FPN 1.0,2018,YR2018,..,3.707,..,..,..,..,3.67,..,..,..,..,..,..,..,..,..,..,..,..,..,..,..,..,..,..
Benin,BEN,Food Prices for Nutrition 1.0,FPN 1.0,2019,YR2019,..,3.701,..,..,..,..,3.664,..,..,..,..,..,..,..,..,..,..,..,..,..,..,..,..,..,..
Benin,BEN,Food Prices for Nutrition 1.0,FPN 1.0,2020,YR2020,..,3.744,..,..,..,..,3.707,..,..,..,..,..,..,..,..,..,..,..,..,..,..,..,..,..,..
Benin,BEN,Food Prices for Nutrition 1.0,FPN 1.0,2021,YR2021,..,..,..,..,..,..,..,..,..,..,..,..,..,..,..,..,..,..,..,..,..,..,..,..,..
Benin,BEN,Food Prices for Nutrition 1.1,FPN 1.1,2017,YR2017,1.721,3.17,1.211,2.23,0.316,0.582,3.55,5.44,2.498,0.652,1.168,2.85,0.538,1.31,0.297,0.72,0.125,0.3,0.41,1.012,2.47,0.329,0.152,0.084,0.035
Benin,BEN,Food Prices for Nutrition 1.1,FPN 1.1,2018,YR2018,..,3.277,..,..,..,..,3.67,..,..,..,..,..,..,..,..,..,..,..,..,..,..,..,..,..,..
Benin,BEN,Food Prices for Nutrition 1.1,FPN 1.1,2019,YR2019,..,3.271,..,..,..,..,3.664,..,..,..,..,..,..,..,..,..,..,..,..,..,..,..,..,..,..
Benin,BEN,Food Prices for Nutrition 1.1,FPN 1.1,2020,YR2020,..,3.31,..,..,..,..,3.707,..,..,..,..,..,..,..,..,..,..,..,..,..,..,..,..,..,..
Benin,BEN,Food Prices for Nutrition 1.1,FPN 1.1,2021,YR2021,..,..,..,..,..,..,..,..,..,..,..,..,..,..,..,..,..,..,..,..,..,..,..,..,..
Benin,BEN,Food Prices for Nutrition 2.0,FPN 2.0,2017,YR2017,1.721,3.17,1.211,2.23,0.316,0.582,3.55,5.44,2.498,0.652,1.168,2.85,0.538,1.31,0.297,0.72,0.125,0.3,0.41,1.012,2.47,0.329,0.152,0.084,0.035
Benin,BEN,Food Prices for Nutrition 2.0,FPN 2.0,2018,YR2018,..,3.277,..,..,..,..,3.67,..,..,..,..,..,..,..,..,..,..,..,..,..,..,..,..,..,..
Benin,BEN,Food Prices for Nutrition 2.0,FPN 2.0,2019,YR2019,..,3.271,..,..,..,..,3.664,..,..,..,..,..,..,..,..,..,..,..,..,..,..,..,..,..,..
Benin,BEN,Food Prices for Nutrition 2.0,FPN 2.0,2020,YR2020,..,3.31,..,..,..,..,3.707,..,..,..,..,..,..,..,..,..,..,..,..,..,..,..,..,..,..
Benin,BEN,Food Prices for Nutrition 2.0,FPN 2.0,2021,YR2021,..,3.608,..,..,..,..,4.041,..,..,..,..,..,..,..,..,..,..,..,..,..,..,..,..,..,..
Benin,BEN,Food Prices for Nutrition 2.1,FPN 2.1,2017,YR2017,1.721,3.17,1.211,2.23,0.316,0.582,3.55,5.44,2.498,0.652,1.168,2.85,0.538,1.31,0.297,0.72,0.125,0.3,0.41,1.012,2.47,0.329,0.152,0.084,0.035
Benin,BEN,Food Prices for Nutrition 2.1,FPN 2.1,2018,YR2018,..,3.277,..,..,..,..,3.67,..,..,..,..,..,..,..,..,..,..,..,..,..,..,..,..,..,..
Benin,BEN,Food Prices for Nutrition 2.1,FPN 2.1,2019,YR2019,..,3.271,..,..,..,..,3.664,..,..,..,..,..,..,..,..,..,..,..,..,..,..,..,..,..,..
Benin,BEN,Food Prices for Nutrition 2.1,FPN 2.1,2020,YR2020,..,3.31,..,..,..,..,3.707,..,..,..,..,..,..,..,..,..,..,..,..,..,..,..,..,..,..
Benin,BEN,Food Prices for Nutrition 2.1,FPN 2.1,2021,YR2021,..,3.608,..,..,..,..,4.041,..,..,..,..,..,..,..,..,..,..,..,..,..,..,..,..,..,..
Bermuda,BMU,Food Prices for Nutrition 1.0,FPN 1.0,2017,YR2017,0.387,4.113,0.447,4.754,0.104,1.11,4.072,3.71,4.706,1.099,0.502,0.68,0.478,0.64,0.53,0.71,0.165,0.22,0.743,1.652,2.22,0.123,0.117,0.13,0.041
Bermuda,BMU,Food Prices for Nutrition 1.0,FPN 1.0,2018,YR2018,..,3.881,..,..,..,..,3.842,..,..,..,..,..,..,..,..,..,..,..,..,..,..,..,..,..,..
Bermuda,BMU,Food Prices for Nutrition 1.0,FPN 1.0,2019,YR2019,..,3.826,..,..,..,..,3.788,..,..,..,..,..,..,..,..,..,..,..,..,..,..,..,..,..,..
Bermuda,BMU,Food Prices for Nutrition 1.0,FPN 1.0,2020,YR2020,..,3.653,..,..,..,..,3.616,..,..,..,..,..,..,..,..,..,..,..,..,..,..,..,..,..,..
Bermuda,BMU,Food Prices for Nutrition 1.0,FPN 1.0,2021,YR2021,..,..,..,..,..,..,..,..,..,..,..,..,..,..,..,..,..,..,..,..,..,..,..,..,..
Bermuda,BMU,Food Prices for Nutrition 1.1,FPN 1.1,2017,YR2017,0.387,3.636,0.447,4.202,0.104,0.981,4.072,3.71,4.706,1.099,0.502,0.68,0.478,0.64,0.53,0.71,0.165,0.22,0.743,1.652,2.22,0.123,0.117,0.13,0.041
Bermuda,BMU,Food Prices for Nutrition 1.1,FPN 1.1,2018,YR2018,..,3.43,..,..,..,..,3.842,..,..,..,..,..,..,..,..,..,..,..,..,..,..,..,..,..,..
Bermuda,BMU,Food Prices for Nutrition 1.1,FPN 1.1,2019,YR2019,..,3.382,..,..,..,..,3.788,..,..,..,..,..,..,..,..,..,..,..,..,..,..,..,..,..,..
Bermuda,BMU,Food Prices for Nutrition 1.1,FPN 1.1,2020,YR2020,..,3.229,..,..,..,..,3.616,..,..,..,..,..,..,..,..,..,..,..,..,..,..,..,..,..,..
Bermuda,BMU,Food Prices for Nutrition 1.1,FPN 1.1,2021,YR2021,..,..,..,..,..,..,..,..,..,..,..,..,..,..,..,..,..,..,..,..,..,..,..,..,..
Bermuda,BMU,Food Prices for Nutrition 2.0,FPN 2.0,2017,YR2017,0.387,3.636,0.447,4.202,0.104,0.981,4.072,3.71,4.706,1.099,0.502,0.68,0.478,0.64,0.53,0.71,0.165,0.22,0.743,1.652,2.22,0.123,0.117,0.13,0.041
Bermuda,BMU,Food Prices for Nutrition 2.0,FPN 2.0,2018,YR2018,..,3.383,..,..,..,..,3.789,..,..,..,..,..,..,..,..,..,..,..,..,..,..,..,..,..,..
Bermuda,BMU,Food Prices for Nutrition 2.0,FPN 2.0,2019,YR2019,..,3.423,..,..,..,..,3.834,..,..,..,..,..,..,..,..,..,..,..,..,..,..,..,..,..,..
Bermuda,BMU,Food Prices for Nutrition 2.0,FPN 2.0,2020,YR2020,..,3.32,..,..,..,..,3.718,..,..,..,..,..,..,..,..,..,..,..,..,..,..,..,..,..,..
Bermuda,BMU,Food Prices for Nutrition 2.0,FPN 2.0,2021,YR2021,..,3.031,..,..,..,..,3.395,..,..,..,..,..,..,..,..,..,..,..,..,..,..,..,..,..,..
Bermuda,BMU,Food Prices for Nutrition 2.1,FPN 2.1,2017,YR2017,0.387,3.636,0.447,4.202,0.104,0.981,4.072,3.71,4.706,1.099,0.502,0.68,0.478,0.64,0.53,0.71,0.165,0.22,0.743,1.652,2.22,0.123,0.117,0.13,0.041
Bermuda,BMU,Food Prices for Nutrition 2.1,FPN 2.1,2018,YR2018,..,3.383,..,..,..,..,3.789,..,..,..,..,..,..,..,..,..,..,..,..,..,..,..,..,..,..
Bermuda,BMU,Food Prices for Nutrition 2.1,FPN 2.1,2019,YR2019,..,3.423,..,..,..,..,3.834,..,..,..,..,..,..,..,..,..,..,..,..,..,..,..,..,..,..
Bermuda,BMU,Food Prices for Nutrition 2.1,FPN 2.1,2020,YR2020,..,3.32,..,..,..,..,3.718,..,..,..,..,..,..,..,..,..,..,..,..,..,..,..,..,..,..
Bermuda,BMU,Food Prices for Nutrition 2.1,FPN 2.1,2021,YR2021,..,3.031,..,..,..,..,3.395,..,..,..,..,..,..,..,..,..,..,..,..,..,..,..,..,..,..
Bhutan,BTN,Food Prices for Nutrition 1.0,FPN 1.0,2017,YR2017,0.753,4.427,0.481,2.83,0.18,1.058,4.383,4.19,2.802,1.047,1.191,2.21,1.122,2.08,0.427,0.79,0.164,0.3,0.54,0.94,1.74,0.272,0.256,0.097,0.037
Bhutan,BTN,Food Prices for Nutrition 1.0,FPN 1.0,2018,YR2018,..,4.633,..,..,..,..,4.587,..,..,..,..,..,..,..,..,..,..,..,..,..,..,..,..,..,..
Bhutan,BTN,Food Prices for Nutrition 1.0,FPN 1.0,2019,YR2019,..,4.76,..,..,..,..,4.712,..,..,..,..,..,..,..,..,..,..,..,..,..,..,..,..,..,..
Bhutan,BTN,Food Prices for Nutrition 1.0,FPN 1.0,2020,YR2020,..,5.08,..,..,..,..,5.029,..,..,..,..,..,..,..,..,..,..,..,..,..,..,..,..,..,..
Bhutan,BTN,Food Prices for Nutrition 1.0,FPN 1.0,2021,YR2021,..,..,..,..,..,..,..,..,..,..,..,..,..,..,..,..,..,..,..,..,..,..,..,..,..
Bhutan,BTN,Food Prices for Nutrition 1.1,FPN 1.1,2017,YR2017,0.753,3.913,0.481,2.502,0.18,0.935,4.383,4.19,2.802,1.047,1.191,2.21,1.122,2.08,0.427,0.79,0.164,0.3,0.54,0.94,1.74,0.272,0.256,0.097,0.037
Bhutan,BTN,Food Prices for Nutrition 1.1,FPN 1.1,2018,YR2018,..,4.096,..,..,..,..,4.587,..,..,..,..,..,..,..,..,..,..,..,..,..,..,..,..,..,..
Bhutan,BTN,Food Prices for Nutrition 1.1,FPN 1.1,2019,YR2019,..,4.207,..,..,..,..,4.712,..,..,..,..,..,..,..,..,..,..,..,..,..,..,..,..,..,..
Bhutan,BTN,Food Prices for Nutrition 1.1,FPN 1.1,2020,YR2020,..,4.49,..,..,..,..,5.029,..,..,..,..,..,..,..,..,..,..,..,..,..,..,..,..,..,..
Bhutan,BTN,Food Prices for Nutrition 1.1,FPN 1.1,2021,YR2021,..,..,..,..,..,..,..,..,..,..,..,..,..,..,..,..,..,..,..,..,..,..,..,..,..
Bhutan,BTN,Food Prices for Nutrition 2.0,FPN 2.0,2017,YR2017,0.753,3.913,0.481,2.502,0.18,0.935,4.383,4.19,2.802,1.047,1.191,2.21,1.122,2.08,0.427,0.79,0.164,0.3,0.54,0.94,1.74,0.272,0.256,0.097,0.037
Bhutan,BTN,Food Prices for Nutrition 2.0,FPN 2.0,2018,YR2018,..,4.096,..,..,..,..,4.587,..,..,..,..,..,..,..,..,..,..,..,..,..,..,..,..,..,..
Bhutan,BTN,Food Prices for Nutrition 2.0,FPN 2.0,2019,YR2019,..,4.207,..,..,..,..,4.712,..,..,..,..,..,..,..,..,..,..,..,..,..,..,..,..,..,..
Bhutan,BTN,Food Prices for Nutrition 2.0,FPN 2.0,2020,YR2020,..,4.482,..,..,..,..,5.02,..,..,..,..,..,..,..,..,..,..,..,..,..,..,..,..,..,..
Bhutan,BTN,Food Prices for Nutrition 2.0,FPN 2.0,2021,YR2021,..,4.767,..,..,..,..,5.339,..,..,..,..,..,..,..,..,..,..,..,..,..,..,..,..,..,..
Bhutan,BTN,Food Prices for Nutrition 2.1,FPN 2.1,2017,YR2017,0.753,3.913,0.481,2.502,0.18,0.935,4.383,4.19,2.802,1.047,1.191,2.21,1.122,2.08,0.427,0.79,0.164,0.3,0.54,0.94,1.74,0.272,0.256,0.097,0.037
Bhutan,BTN,Food Prices for Nutrition 2.1,FPN 2.1,2018,YR2018,..,4.096,..,..,..,..,4.587,..,..,..,..,..,..,..,..,..,..,..,..,..,..,..,..,..,..
Bhutan,BTN,Food Prices for Nutrition 2.1,FPN 2.1,2019,YR2019,..,4.207,..,..,..,..,4.712,..,..,..,..,..,..,..,..,..,..,..,..,..,..,..,..,..,..
Bhutan,BTN,Food Prices for Nutrition 2.1,FPN 2.1,2020,YR2020,..,4.482,..,..,..,..,5.02,..,..,..,..,..,..,..,..,..,..,..,..,..,..,..,..,..,..
Bhutan,BTN,Food Prices for Nutrition 2.1,FPN 2.1,2021,YR2021,..,4.767,..,..,..,..,5.339,..,..,..,..,..,..,..,..,..,..,..,..,..,..,..,..,..,..
Bolivia,BOL,Food Prices for Nutrition 1.0,FPN 1.0,2017,YR2017,0.624,3.587,0.586,3.372,0.258,1.483,3.551,2.42,3.338,1.468,1.046,1.34,0.411,0.53,0.53,0.68,0.14,0.18,0.781,0.644,0.82,0.295,0.116,0.149,0.039
Bolivia,BOL,Food Prices for Nutrition 1.0,FPN 1.0,2018,YR2018,..,3.685,..,..,..,..,3.648,..,..,..,..,..,..,..,..,..,..,..,..,..,..,..,..,..,..
Bolivia,BOL,Food Prices for Nutrition 1.0,FPN 1.0,2019,YR2019,..,3.807,..,..,..,..,3.769,..,..,..,..,..,..,..,..,..,..,..,..,..,..,..,..,..,..
Bolivia,BOL,Food Prices for Nutrition 1.0,FPN 1.0,2020,YR2020,..,3.793,..,..,..,..,3.755,..,..,..,..,..,..,..,..,..,..,..,..,..,..,..,..,..,..
Bolivia,BOL,Food Prices for Nutrition 1.0,FPN 1.0,2021,YR2021,..,..,..,..,..,..,..,..,..,..,..,..,..,..,..,..,..,..,..,..,..,..,..,..,..
Bolivia,BOL,Food Prices for Nutrition 1.1,FPN 1.1,2017,YR2017,0.624,3.171,0.586,2.98,0.258,1.311,3.551,2.42,3.338,1.468,1.046,1.34,0.411,0.53,0.53,0.68,0.14,0.18,0.781,0.644,0.82,0.295,0.116,0.149,0.039
Bolivia,BOL,Food Prices for Nutrition 1.1,FPN 1.1,2018,YR2018,..,3.257,..,..,..,..,3.648,..,..,..,..,..,..,..,..,..,..,..,..,..,..,..,..,..,..
Bolivia,BOL,Food Prices for Nutrition 1.1,FPN 1.1,2019,YR2019,..,3.365,..,..,..,..,3.769,..,..,..,..,..,..,..,..,..,..,..,..,..,..,..,..,..,..
Bolivia,BOL,Food Prices for Nutrition 1.1,FPN 1.1,2020,YR2020,..,3.353,..,..,..,..,3.755,..,..,..,..,..,..,..,..,..,..,..,..,..,..,..,..,..,..
Bolivia,BOL,Food Prices for Nutrition 1.1,FPN 1.1,2021,YR2021,..,..,..,..,..,..,..,..,..,..,..,..,..,..,..,..,..,..,..,..,..,..,..,..,..
Bolivia,BOL,Food Prices for Nutrition 2.0,FPN 2.0,2017,YR2017,0.624,3.171,0.586,2.98,0.258,1.311,3.551,2.42,3.338,1.468,1.046,1.34,0.411,0.53,0.53,0.68,0.14,0.18,0.781,0.644,0.82,0.295,0.116,0.149,0.039
Bolivia,BOL,Food Prices for Nutrition 2.0,FPN 2.0,2018,YR2018,..,3.257,..,..,..,..,3.648,..,..,..,..,..,..,..,..,..,..,..,..,..,..,..,..,..,..
Bolivia,BOL,Food Prices for Nutrition 2.0,FPN 2.0,2019,YR2019,..,3.365,..,..,..,..,3.769,..,..,..,..,..,..,..,..,..,..,..,..,..,..,..,..,..,..
Bolivia,BOL,Food Prices for Nutrition 2.0,FPN 2.0,2020,YR2020,..,3.353,..,..,..,..,3.755,..,..,..,..,..,..,..,..,..,..,..,..,..,..,..,..,..,..
Bolivia,BOL,Food Prices for Nutrition 2.0,FPN 2.0,2021,YR2021,..,3.506,..,..,..,..,3.927,..,..,..,..,..,..,..,..,..,..,..,..,..,..,..,..,..,..
Bolivia,BOL,Food Prices for Nutrition 2.1,FPN 2.1,2017,YR2017,0.624,3.171,0.586,2.98,0.258,1.311,3.551,2.42,3.338,1.468,1.046,1.34,0.411,0.53,0.53,0.68,0.14,0.18,0.781,0.644,0.82,0.295,0.116,0.149,0.039
Bolivia,BOL,Food Prices for Nutrition 2.1,FPN 2.1,2018,YR2018,..,3.257,..,..,..,..,3.648,..,..,..,..,..,..,..,..,..,..,..,..,..,..,..,..,..,..
Bolivia,BOL,Food Prices for Nutrition 2.1,FPN 2.1,2019,YR2019,..,3.365,..,..,..,..,3.769,..,..,..,..,..,..,..,..,..,..,..,..,..,..,..,..,..,..
Bolivia,BOL,Food Prices for Nutrition 2.1,FPN 2.1,2020,YR2020,..,3.353,..,..,..,..,3.755,..,..,..,..,..,..,..,..,..,..,..,..,..,..,..,..,..,..
Bolivia,BOL,Food Prices for Nutrition 2.1,FPN 2.1,2021,YR2021,..,3.506,..,..,..,..,3.927,..,..,..,..,..,..,..,..,..,..,..,..,..,..,..,..,..,..
Bonaire,BON,Food Prices for Nutrition 1.0,FPN 1.0,2017,YR2017,..,..,1.002,3.363,0.225,0.754,..,..,3.329,0.746,..,..,..,..,..,..,..,..,..,..,..,..,..,..,..
Bonaire,BON,Food Prices for Nutrition 1.0,FPN 1.0,2018,YR2018,..,..,..,..,..,..,..,..,..,..,..,..,..,..,..,..,..,..,..,..,..,..,..,..,..
Bonaire,BON,Food Prices for Nutrition 1.0,FPN 1.0,2019,YR2019,..,..,..,..,..,..,..,..,..,..,..,..,..,..,..,..,..,..,..,..,..,..,..,..,..
Bonaire,BON,Food Prices for Nutrition 1.0,FPN 1.0,2020,YR2020,..,..,..,..,..,..,..,..,..,..,..,..,..,..,..,..,..,..,..,..,..,..,..,..,..
Bonaire,BON,Food Prices for Nutrition 1.0,FPN 1.0,2021,YR2021,..,..,..,..,..,..,..,..,..,..,..,..,..,..,..,..,..,..,..,..,..,..,..,..,..
Bonaire,BON,Food Prices for Nutrition 1.1,FPN 1.1,2017,YR2017,..,..,1.002,2.972,0.225,0.666,..,..,3.329,0.746,..,..,..,..,..,..,..,..,..,..,..,..,..,..,..
Bonaire,BON,Food Prices for Nutrition 1.1,FPN 1.1,2018,YR2018,..,..,..,..,..,..,..,..,..,..,..,..,..,..,..,..,..,..,..,..,..,..,..,..,..
Bonaire,BON,Food Prices for Nutrition 1.1,FPN 1.1,2019,YR2019,..,..,..,..,..,..,..,..,..,..,..,..,..,..,..,..,..,..,..,..,..,..,..,..,..
Bonaire,BON,Food Prices for Nutrition 1.1,FPN 1.1,2020,YR2020,..,..,..,..,..,..,..,..,..,..,..,..,..,..,..,..,..,..,..,..,..,..,..,..,..
Bonaire,BON,Food Prices for Nutrition 1.1,FPN 1.1,2021,YR2021,..,..,..,..,..,..,..,..,..,..,..,..,..,..,..,..,..,..,..,..,..,..,..,..,..
Bonaire,BON,Food Prices for Nutrition 2.0,FPN 2.0,2017,YR2017,..,..,1.002,2.972,0.225,0.666,..,..,3.329,0.746,..,..,..,..,..,..,..,..,..,..,..,..,..,..,..
Bonaire,BON,Food Prices for Nutrition 2.0,FPN 2.0,2018,YR2018,..,..,..,..,..,..,..,..,..,..,..,..,..,..,..,..,..,..,..,..,..,..,..,..,..
Bonaire,BON,Food Prices for Nutrition 2.0,FPN 2.0,2019,YR2019,..,..,..,..,..,..,..,..,..,..,..,..,..,..,..,..,..,..,..,..,..,..,..,..,..
Bonaire,BON,Food Prices for Nutrition 2.0,FPN 2.0,2020,YR2020,..,..,..,..,..,..,..,..,..,..,..,..,..,..,..,..,..,..,..,..,..,..,..,..,..
Bonaire,BON,Food Prices for Nutrition 2.0,FPN 2.0,2021,YR2021,..,..,..,..,..,..,..,..,..,..,..,..,..,..,..,..,..,..,..,..,..,..,..,..,..
Bonaire,BON,Food Prices for Nutrition 2.1,FPN 2.1,2017,YR2017,..,..,1.002,2.972,0.225,0.666,..,..,3.329,0.746,..,..,..,..,..,..,..,..,..,..,..,..,..,..,..
Bonaire,BON,Food Prices for Nutrition 2.1,FPN 2.1,2018,YR2018,..,..,..,..,..,..,..,..,..,..,..,..,..,..,..,..,..,..,..,..,..,..,..,..,..
Bonaire,BON,Food Prices for Nutrition 2.1,FPN 2.1,2019,YR2019,..,..,..,..,..,..,..,..,..,..,..,..,..,..,..,..,..,..,..,..,..,..,..,..,..
Bonaire,BON,Food Prices for Nutrition 2.1,FPN 2.1,2020,YR2020,..,..,..,..,..,..,..,..,..,..,..,..,..,..,..,..,..,..,..,..,..,..,..,..,..
Bonaire,BON,Food Prices for Nutrition 2.1,FPN 2.1,2021,YR2021,..,..,..,..,..,..,..,..,..,..,..,..,..,..,..,..,..,..,..,..,..,..,..,..,..
Bosnia and Herzegovina,BIH,Food Prices for Nutrition 1.0,FPN 1.0,2017,YR2017,0.487,3.886,0.386,3.082,0.087,0.698,3.847,5.57,3.051,0.691,0.921,1.71,0.916,1.7,0.512,0.95,0.132,0.24,0.54,0.825,1.53,0.239,0.238,0.133,0.034
Bosnia and Herzegovina,BIH,Food Prices for Nutrition 1.0,FPN 1.0,2018,YR2018,..,3.929,..,..,..,..,3.89,..,..,..,..,..,..,..,..,..,..,..,..,..,..,..,..,..,..
Bosnia and Herzegovina,BIH,Food Prices for Nutrition 1.0,FPN 1.0,2019,YR2019,..,3.934,..,..,..,..,3.895,..,..,..,..,..,..,..,..,..,..,..,..,..,..,..,..,..,..
Bosnia and Herzegovina,BIH,Food Prices for Nutrition 1.0,FPN 1.0,2020,YR2020,..,4.035,..,..,..,..,3.995,..,..,..,..,..,..,..,..,..,..,..,..,..,..,..,..,..,..
Bosnia and Herzegovina,BIH,Food Prices for Nutrition 1.0,FPN 1.0,2021,YR2021,..,..,..,..,..,..,..,..,..,..,..,..,..,..,..,..,..,..,..,..,..,..,..,..,..
Bosnia and Herzegovina,BIH,Food Prices for Nutrition 1.1,FPN 1.1,2017,YR2017,0.487,3.435,0.386,2.724,0.087,0.617,3.847,5.57,3.051,0.691,0.921,1.71,0.916,1.7,0.512,0.95,0.132,0.24,0.54,0.825,1.53,0.239,0.238,0.133,0.034
Bosnia and Herzegovina,BIH,Food Prices for Nutrition 1.1,FPN 1.1,2018,YR2018,..,3.473,..,..,..,..,3.89,..,..,..,..,..,..,..,..,..,..,..,..,..,..,..,..,..,..
Bosnia and Herzegovina,BIH,Food Prices for Nutrition 1.1,FPN 1.1,2019,YR2019,..,3.478,..,..,..,..,3.895,..,..,..,..,..,..,..,..,..,..,..,..,..,..,..,..,..,..
Bosnia and Herzegovina,BIH,Food Prices for Nutrition 1.1,FPN 1.1,2020,YR2020,..,3.567,..,..,..,..,3.995,..,..,..,..,..,..,..,..,..,..,..,..,..,..,..,..,..,..
Bosnia and Herzegovina,BIH,Food Prices for Nutrition 1.1,FPN 1.1,2021,YR2021,..,..,..,..,..,..,..,..,..,..,..,..,..,..,..,..,..,..,..,..,..,..,..,..,..
Bosnia and Herzegovina,BIH,Food Prices for Nutrition 2.0,FPN 2.0,2017,YR2017,0.487,3.435,0.386,2.724,0.087,0.617,3.847,5.57,3.051,0.691,0.921,1.71,0.916,1.7,0.512,0.95,0.132,0.24,0.54,0.825,1.53,0.239,0.238,0.133,0.034
Bosnia and Herzegovina,BIH,Food Prices for Nutrition 2.0,FPN 2.0,2018,YR2018,..,3.488,..,..,..,..,3.907,..,..,..,..,..,..,..,..,..,..,..,..,..,..,..,..,..,..
Bosnia and Herzegovina,BIH,Food Prices for Nutrition 2.0,FPN 2.0,2019,YR2019,..,3.61,..,..,..,..,4.043,..,..,..,..,..,..,..,..,..,..,..,..,..,..,..,..,..,..
Bosnia and Herzegovina,BIH,Food Prices for Nutrition 2.0,FPN 2.0,2020,YR2020,..,3.537,..,..,..,..,3.961,..,..,..,..,..,..,..,..,..,..,..,..,..,..,..,..,..,..
Bosnia and Herzegovina,BIH,Food Prices for Nutrition 2.0,FPN 2.0,2021,YR2021,..,3.665,..,..,..,..,4.105,..,..,..,..,..,..,..,..,..,..,..,..,..,..,..,..,..,..
Bosnia and Herzegovina,BIH,Food Prices for Nutrition 2.1,FPN 2.1,2017,YR2017,0.487,3.435,0.386,2.724,0.087,0.617,3.847,5.57,3.051,0.691,0.921,1.71,0.916,1.7,0.512,0.95,0.132,0.24,0.54,0.825,1.53,0.239,0.238,0.133,0.034
Bosnia and Herzegovina,BIH,Food Prices for Nutrition 2.1,FPN 2.1,2018,YR2018,..,3.488,..,..,..,..,3.907,..,..,..,..,..,..,..,..,..,..,..,..,..,..,..,..,..,..
Bosnia and Herzegovina,BIH,Food Prices for Nutrition 2.1,FPN 2.1,2019,YR2019,..,3.61,..,..,..,..,4.043,..,..,..,..,..,..,..,..,..,..,..,..,..,..,..,..,..,..
Bosnia and Herzegovina,BIH,Food Prices for Nutrition 2.1,FPN 2.1,2020,YR2020,..,3.537,..,..,..,..,3.961,..,..,..,..,..,..,..,..,..,..,..,..,..,..,..,..,..,..
Bosnia and Herzegovina,BIH,Food Prices for Nutrition 2.1,FPN 2.1,2021,YR2021,..,3.665,..,..,..,..,4.105,..,..,..,..,..,..,..,..,..,..,..,..,..,..,..,..,..,..
Botswana,BWA,Food Prices for Nutrition 1.0,FPN 1.0,2017,YR2017,0.274,3.659,0.17,2.273,0.038,0.51,3.622,7.17,2.25,0.505,1.097,2.81,0.795,2.04,0.402,1.03,0.142,0.36,0.39,0.796,2.04,0.303,0.219,0.111,0.039
Botswana,BWA,Food Prices for Nutrition 1.0,FPN 1.0,2018,YR2018,..,3.611,..,..,..,..,3.575,..,..,..,..,..,..,..,..,..,..,..,..,..,..,..,..,..,..
Botswana,BWA,Food Prices for Nutrition 1.0,FPN 1.0,2019,YR2019,..,3.627,..,..,..,..,3.591,..,..,..,..,..,..,..,..,..,..,..,..,..,..,..,..,..,..
Botswana,BWA,Food Prices for Nutrition 1.0,FPN 1.0,2020,YR2020,..,3.738,..,..,..,..,3.701,..,..,..,..,..,..,..,..,..,..,..,..,..,..,..,..,..,..
Botswana,BWA,Food Prices for Nutrition 1.0,FPN 1.0,2021,YR2021,..,..,..,..,..,..,..,..,..,..,..,..,..,..,..,..,..,..,..,..,..,..,..,..,..
Botswana,BWA,Food Prices for Nutrition 1.1,FPN 1.1,2017,YR2017,0.274,3.234,0.17,2.009,0.038,0.451,3.622,7.17,2.25,0.505,1.097,2.81,0.795,2.04,0.402,1.03,0.142,0.36,0.39,0.796,2.04,0.303,0.219,0.111,0.039
Botswana,BWA,Food Prices for Nutrition 1.1,FPN 1.1,2018,YR2018,..,3.192,..,..,..,..,3.575,..,..,..,..,..,..,..,..,..,..,..,..,..,..,..,..,..,..
Botswana,BWA,Food Prices for Nutrition 1.1,FPN 1.1,2019,YR2019,..,3.206,..,..,..,..,3.591,..,..,..,..,..,..,..,..,..,..,..,..,..,..,..,..,..,..
Botswana,BWA,Food Prices for Nutrition 1.1,FPN 1.1,2020,YR2020,..,3.304,..,..,..,..,3.701,..,..,..,..,..,..,..,..,..,..,..,..,..,..,..,..,..,..
Botswana,BWA,Food Prices for Nutrition 1.1,FPN 1.1,2021,YR2021,..,..,..,..,..,..,..,..,..,..,..,..,..,..,..,..,..,..,..,..,..,..,..,..,..
Botswana,BWA,Food Prices for Nutrition 2.0,FPN 2.0,2017,YR2017,0.274,3.234,0.17,2.009,0.038,0.451,3.622,7.17,2.25,0.505,1.097,2.81,0.795,2.04,0.402,1.03,0.142,0.36,0.39,0.796,2.04,0.303,0.219,0.111,0.039
Botswana,BWA,Food Prices for Nutrition 2.0,FPN 2.0,2018,YR2018,..,3.192,..,..,..,..,3.575,..,..,..,..,..,..,..,..,..,..,..,..,..,..,..,..,..,..
Botswana,BWA,Food Prices for Nutrition 2.0,FPN 2.0,2019,YR2019,..,3.206,..,..,..,..,3.591,..,..,..,..,..,..,..,..,..,..,..,..,..,..,..,..,..,..
Botswana,BWA,Food Prices for Nutrition 2.0,FPN 2.0,2020,YR2020,..,3.304,..,..,..,..,3.701,..,..,..,..,..,..,..,..,..,..,..,..,..,..,..,..,..,..
Botswana,BWA,Food Prices for Nutrition 2.0,FPN 2.0,2021,YR2021,..,3.419,..,..,..,..,3.829,..,..,..,..,..,..,..,..,..,..,..,..,..,..,..,..,..,..
Botswana,BWA,Food Prices for Nutrition 2.1,FPN 2.1,2017,YR2017,0.274,3.234,0.17,2.009,0.038,0.451,3.622,7.17,2.25,0.505,1.097,2.81,0.795,2.04,0.402,1.03,0.142,0.36,0.39,0.796,2.04,0.303,0.219,0.111,0.039
Botswana,BWA,Food Prices for Nutrition 2.1,FPN 2.1,2018,YR2018,..,3.192,..,..,..,..,3.575,..,..,..,..,..,..,..,..,..,..,..,..,..,..,..,..,..,..
Botswana,BWA,Food Prices for Nutrition 2.1,FPN 2.1,2019,YR2019,..,3.206,..,..,..,..,3.591,..,..,..,..,..,..,..,..,..,..,..,..,..,..,..,..,..,..
Botswana,BWA,Food Prices for Nutrition 2.1,FPN 2.1,2020,YR2020,..,3.304,..,..,..,..,3.701,..,..,..,..,..,..,..,..,..,..,..,..,..,..,..,..,..,..
Botswana,BWA,Food Prices for Nutrition 2.1,FPN 2.1,2021,YR2021,..,3.419,..,..,..,..,3.829,..,..,..,..,..,..,..,..,..,..,..,..,..,..,..,..,..,..
,,,,,,,,,,,,,,,,,,,,,,,,,,,,,,
,,,,,,,,,,,,,,,,,,,,,,,,,,,,,,
,,,,,,,,,,,,,,,,,,,,,,,,,,,,,,
Data from database: Food Prices for Nutrition,,,,,,,,,,,,,,,,,,,,,,,,,,,,,,
Last Updated: 12/15/2023,,,,,,,,,,,,,,,,,,,,,,,,,,,,,,
